Project Name,Package Name,Type Name,Code Smell
opennlp,opennlp.tools.chunker,ChunkerEvaluationMonitor,Unnecessary Abstraction
opennlp,opennlp.tools.chunker,ChunkerEventStream,Unutilized Abstraction
opennlp,opennlp.tools.chunker,ChunkerME,Deficient Encapsulation
opennlp,opennlp.tools.chunker,ChunkerME,Cyclic-Dependent Modularization
opennlp,opennlp.tools.chunker,ChunkerModel,Cyclic-Dependent Modularization
opennlp,opennlp.tools.chunker,ChunkSampleStream,Unutilized Abstraction
opennlp,opennlp.tools.chunker,DefaultChunkerContextGenerator,Unutilized Abstraction
opennlp,opennlp.tools.chunker,DefaultChunkerSequenceValidator,Unutilized Abstraction
opennlp,opennlp.tools.cmdline,AbstractConverterTool,Unutilized Abstraction
opennlp,opennlp.tools.cmdline,AbstractCrossValidatorTool,Unutilized Abstraction
opennlp,opennlp.tools.cmdline,AbstractEvaluatorTool,Unutilized Abstraction
opennlp,opennlp.tools.cmdline,AbstractEvaluatorTool,Broken Hierarchy
opennlp,opennlp.tools.cmdline,AbstractTrainerTool,Unutilized Abstraction
opennlp,opennlp.tools.cmdline,AbstractTypedParamTool,Unutilized Abstraction
opennlp,opennlp.tools.cmdline,IntegerArgumentFactory,Unutilized Abstraction
opennlp,opennlp.tools.cmdline,BooleanArgumentFactory,Unutilized Abstraction
opennlp,opennlp.tools.cmdline,StringArgumentFactory,Unutilized Abstraction
opennlp,opennlp.tools.cmdline,FileArgumentFactory,Unutilized Abstraction
opennlp,opennlp.tools.cmdline,CharsetArgumentFactory,Unutilized Abstraction
opennlp,opennlp.tools.cmdline,BasicCmdLineTool,Unutilized Abstraction
opennlp,opennlp.tools.cmdline,BasicCmdLineTool,Broken Hierarchy
opennlp,opennlp.tools.cmdline,CLI,Deficient Encapsulation
opennlp,opennlp.tools.cmdline,CLI,Unexploited Encapsulation
opennlp,opennlp.tools.cmdline,CLI,Missing Hierarchy
opennlp,opennlp.tools.cmdline,CLI,Cyclic-Dependent Modularization
opennlp,opennlp.tools.cmdline,CmdLineTool,Cyclic-Dependent Modularization
opennlp,opennlp.tools.cmdline,CmdLineUtil,Cyclic-Dependent Modularization
opennlp,opennlp.tools.cmdline,DetailedFMeasureListener,Unutilized Abstraction
opennlp,opennlp.tools.cmdline,F1Comparator,Unutilized Abstraction
opennlp,opennlp.tools.cmdline,EvaluationErrorPrinter,Unutilized Abstraction
opennlp,opennlp.tools.cmdline,FineGrainedReportListener,Insufficient Modularization
opennlp,opennlp.tools.cmdline,MatrixLabelComparator,Unutilized Abstraction
opennlp,opennlp.tools.cmdline,GroupedMatrixLabelComparator,Unutilized Abstraction
opennlp,opennlp.tools.cmdline,SimpleLabelComparator,Unutilized Abstraction
opennlp,opennlp.tools.cmdline,GroupedLabelComparator,Unutilized Abstraction
opennlp,opennlp.tools.cmdline,Stats,Unutilized Abstraction
opennlp,opennlp.tools.cmdline,ModelLoader,Unutilized Abstraction
opennlp,opennlp.tools.cmdline,StreamFactoryRegistry,Deficient Encapsulation
opennlp,opennlp.tools.cmdline,TerminateToolException,Unutilized Abstraction
opennlp,opennlp.tools.cmdline.chunker,ChunkerConverterTool,Unutilized Abstraction
opennlp,opennlp.tools.cmdline.chunker,ChunkerCrossValidatorTool,Unutilized Abstraction
opennlp,opennlp.tools.cmdline.chunker,CVToolParams,Unnecessary Abstraction
opennlp,opennlp.tools.cmdline.chunker,CVToolParams,Unutilized Abstraction
opennlp,opennlp.tools.cmdline.chunker,ChunkerDetailedFMeasureListener,Unutilized Abstraction
opennlp,opennlp.tools.cmdline.chunker,ChunkerEvaluatorTool,Unutilized Abstraction
opennlp,opennlp.tools.cmdline.chunker,EvalToolParams,Unnecessary Abstraction
opennlp,opennlp.tools.cmdline.chunker,EvalToolParams,Unutilized Abstraction
opennlp,opennlp.tools.cmdline.chunker,ChunkerMETool,Unutilized Abstraction
opennlp,opennlp.tools.cmdline.chunker,ChunkerModelLoader,Unutilized Abstraction
opennlp,opennlp.tools.cmdline.chunker,ChunkerTrainerTool,Unutilized Abstraction
opennlp,opennlp.tools.cmdline.chunker,TrainerToolParams,Unnecessary Abstraction
opennlp,opennlp.tools.cmdline.chunker,TrainerToolParams,Unutilized Abstraction
opennlp,opennlp.tools.cmdline.chunker,ChunkEvaluationErrorListener,Unutilized Abstraction
opennlp,opennlp.tools.cmdline.chunker,TrainingParams,Unutilized Abstraction
opennlp,opennlp.tools.cmdline.dictionary,DictionaryBuilderParams,Unutilized Abstraction
opennlp,opennlp.tools.cmdline.dictionary,DictionaryBuilderTool,Unutilized Abstraction
opennlp,opennlp.tools.cmdline.dictionary,Params,Unnecessary Abstraction
opennlp,opennlp.tools.cmdline.dictionary,Params,Unutilized Abstraction
opennlp,opennlp.tools.cmdline.doccat,DoccatConverterTool,Unutilized Abstraction
opennlp,opennlp.tools.cmdline.doccat,DoccatCrossValidatorTool,Unutilized Abstraction
opennlp,opennlp.tools.cmdline.doccat,CVToolParams,Unnecessary Abstraction
opennlp,opennlp.tools.cmdline.doccat,CVToolParams,Unutilized Abstraction
opennlp,opennlp.tools.cmdline.doccat,DoccatEvaluationErrorListener,Unutilized Abstraction
opennlp,opennlp.tools.cmdline.doccat,DoccatEvaluatorTool,Unutilized Abstraction
opennlp,opennlp.tools.cmdline.doccat,EvalToolParams,Unnecessary Abstraction
opennlp,opennlp.tools.cmdline.doccat,EvalToolParams,Unutilized Abstraction
opennlp,opennlp.tools.cmdline.doccat,DoccatModelLoader,Unutilized Abstraction
opennlp,opennlp.tools.cmdline.doccat,DoccatTool,Unutilized Abstraction
opennlp,opennlp.tools.cmdline.doccat,TrainerToolParams,Unnecessary Abstraction
opennlp,opennlp.tools.cmdline.doccat,TrainerToolParams,Unutilized Abstraction
opennlp,opennlp.tools.cmdline.doccat,TrainingParams,Unutilized Abstraction
opennlp,opennlp.tools.cmdline.entitylinker,EntityLinkerTool,Unutilized Abstraction
opennlp,opennlp.tools.cmdline.langdetect,LanguageDetectorConverterTool,Unutilized Abstraction
opennlp,opennlp.tools.cmdline.langdetect,CVToolParams,Unnecessary Abstraction
opennlp,opennlp.tools.cmdline.langdetect,CVToolParams,Unutilized Abstraction
opennlp,opennlp.tools.cmdline.langdetect,LanguageDetectorEvaluationErrorListener,Unutilized Abstraction
opennlp,opennlp.tools.cmdline.langdetect,EvalToolParams,Unnecessary Abstraction
opennlp,opennlp.tools.cmdline.langdetect,EvalToolParams,Unutilized Abstraction
opennlp,opennlp.tools.cmdline.langdetect,LanguageDetectorModelLoader,Unutilized Abstraction
opennlp,opennlp.tools.cmdline.langdetect,LanguageDetectorTool,Unutilized Abstraction
opennlp,opennlp.tools.cmdline.langdetect,TrainerToolParams,Unutilized Abstraction
opennlp,opennlp.tools.cmdline.langdetect,TrainerToolParams,Rebellious Hierarchy
opennlp,opennlp.tools.cmdline.langdetect,TrainingParams,Unutilized Abstraction
opennlp,opennlp.tools.cmdline.languagemodel,NGramLanguageModelTool,Unutilized Abstraction
opennlp,opennlp.tools.cmdline.lemmatizer,LemmaEvaluationErrorListener,Unutilized Abstraction
opennlp,opennlp.tools.cmdline.lemmatizer,EvalToolParams,Unnecessary Abstraction
opennlp,opennlp.tools.cmdline.lemmatizer,EvalToolParams,Unutilized Abstraction
opennlp,opennlp.tools.cmdline.lemmatizer,LemmatizerMETool,Unutilized Abstraction
opennlp,opennlp.tools.cmdline.lemmatizer,LemmatizerModelLoader,Unutilized Abstraction
opennlp,opennlp.tools.cmdline.lemmatizer,LemmatizerTrainerTool,Unutilized Abstraction
opennlp,opennlp.tools.cmdline.lemmatizer,TrainerToolParams,Unnecessary Abstraction
opennlp,opennlp.tools.cmdline.lemmatizer,TrainerToolParams,Unutilized Abstraction
opennlp,opennlp.tools.cmdline.lemmatizer,TrainingParams,Unutilized Abstraction
opennlp,opennlp.tools.cmdline.namefind,NameEvaluationErrorListener,Unutilized Abstraction
opennlp,opennlp.tools.cmdline.namefind,TokenNameFinderConverterTool,Unutilized Abstraction
opennlp,opennlp.tools.cmdline.namefind,TokenNameFinderCrossValidatorTool,Unutilized Abstraction
opennlp,opennlp.tools.cmdline.namefind,CVToolParams,Unnecessary Abstraction
opennlp,opennlp.tools.cmdline.namefind,CVToolParams,Unutilized Abstraction
opennlp,opennlp.tools.cmdline.namefind,TokenNameFinderDetailedFMeasureListener,Unutilized Abstraction
opennlp,opennlp.tools.cmdline.namefind,TokenNameFinderEvaluatorTool,Unutilized Abstraction
opennlp,opennlp.tools.cmdline.namefind,EvalToolParams,Unutilized Abstraction
opennlp,opennlp.tools.cmdline.namefind,TokenNameFinderModelLoader,Unutilized Abstraction
opennlp,opennlp.tools.cmdline.namefind,TokenNameFinderTool,Unutilized Abstraction
opennlp,opennlp.tools.cmdline.namefind,TrainerToolParams,Unnecessary Abstraction
opennlp,opennlp.tools.cmdline.namefind,TrainerToolParams,Unutilized Abstraction
opennlp,opennlp.tools.cmdline.namefind,TrainingParams,Unutilized Abstraction
opennlp,opennlp.tools.cmdline.params,BasicFormatParams,Unutilized Abstraction
opennlp,opennlp.tools.cmdline.params,BasicTrainingParams,Unutilized Abstraction
opennlp,opennlp.tools.cmdline.params,CVParams,Unutilized Abstraction
opennlp,opennlp.tools.cmdline.params,EncodingParameter,Unutilized Abstraction
opennlp,opennlp.tools.cmdline.params,EvaluatorParams,Unutilized Abstraction
opennlp,opennlp.tools.cmdline.params,FineGrainedEvaluatorParams,Unutilized Abstraction
opennlp,opennlp.tools.cmdline.params,LanguageParams,Unutilized Abstraction
opennlp,opennlp.tools.cmdline.params,TrainingToolParams,Unutilized Abstraction
opennlp,opennlp.tools.cmdline.parser,BuildModelUpdaterTool,Unutilized Abstraction
opennlp,opennlp.tools.cmdline.parser,BuildModelUpdaterTool,Broken Hierarchy
opennlp,opennlp.tools.cmdline.parser,CheckModelUpdaterTool,Unutilized Abstraction
opennlp,opennlp.tools.cmdline.parser,CheckModelUpdaterTool,Broken Hierarchy
opennlp,opennlp.tools.cmdline.parser,ModelUpdaterParams,Unnecessary Abstraction
opennlp,opennlp.tools.cmdline.parser,ParserConverterTool,Unutilized Abstraction
opennlp,opennlp.tools.cmdline.parser,ParserEvaluatorTool,Unutilized Abstraction
opennlp,opennlp.tools.cmdline.parser,ParserModelLoader,Unutilized Abstraction
opennlp,opennlp.tools.cmdline.parser,TrainerToolParams,Unnecessary Abstraction
opennlp,opennlp.tools.cmdline.parser,TrainerToolParams,Unutilized Abstraction
opennlp,opennlp.tools.cmdline.parser,TaggerModelReplacerTool,Unutilized Abstraction
opennlp,opennlp.tools.cmdline.parser,TrainingParams,Unutilized Abstraction
opennlp,opennlp.tools.cmdline.postag,POSEvaluationErrorListener,Unutilized Abstraction
opennlp,opennlp.tools.cmdline.postag,POSModelLoader,Unutilized Abstraction
opennlp,opennlp.tools.cmdline.postag,POSTaggerConverterTool,Unutilized Abstraction
opennlp,opennlp.tools.cmdline.postag,POSTaggerCrossValidatorTool,Unutilized Abstraction
opennlp,opennlp.tools.cmdline.postag,CVToolParams,Unnecessary Abstraction
opennlp,opennlp.tools.cmdline.postag,CVToolParams,Unutilized Abstraction
opennlp,opennlp.tools.cmdline.postag,POSTaggerEvaluatorTool,Unutilized Abstraction
opennlp,opennlp.tools.cmdline.postag,EvalToolParams,Unnecessary Abstraction
opennlp,opennlp.tools.cmdline.postag,EvalToolParams,Unutilized Abstraction
opennlp,opennlp.tools.cmdline.postag,POSTaggerTool,Unutilized Abstraction
opennlp,opennlp.tools.cmdline.postag,POSTaggerTrainerTool,Unutilized Abstraction
opennlp,opennlp.tools.cmdline.postag,TrainerToolParams,Unnecessary Abstraction
opennlp,opennlp.tools.cmdline.postag,TrainerToolParams,Unutilized Abstraction
opennlp,opennlp.tools.cmdline.postag,TrainingParams,Unutilized Abstraction
opennlp,opennlp.tools.cmdline.sentdetect,SentenceDetectorConverterTool,Unutilized Abstraction
opennlp,opennlp.tools.cmdline.sentdetect,SentenceDetectorCrossValidatorTool,Unutilized Abstraction
opennlp,opennlp.tools.cmdline.sentdetect,CVToolParams,Unnecessary Abstraction
opennlp,opennlp.tools.cmdline.sentdetect,CVToolParams,Unutilized Abstraction
opennlp,opennlp.tools.cmdline.sentdetect,SentenceDetectorEvaluatorTool,Unutilized Abstraction
opennlp,opennlp.tools.cmdline.sentdetect,EvalToolParams,Unnecessary Abstraction
opennlp,opennlp.tools.cmdline.sentdetect,EvalToolParams,Unutilized Abstraction
opennlp,opennlp.tools.cmdline.sentdetect,SentenceDetectorTool,Unutilized Abstraction
opennlp,opennlp.tools.cmdline.sentdetect,TrainerToolParams,Unnecessary Abstraction
opennlp,opennlp.tools.cmdline.sentdetect,TrainerToolParams,Unutilized Abstraction
opennlp,opennlp.tools.cmdline.sentdetect,SentenceEvaluationErrorListener,Unutilized Abstraction
opennlp,opennlp.tools.cmdline.sentdetect,SentenceModelLoader,Unutilized Abstraction
opennlp,opennlp.tools.cmdline.sentdetect,TrainingParams,Unutilized Abstraction
opennlp,opennlp.tools.cmdline.tokenizer,DetokenizationDictionaryLoader,Unutilized Abstraction
opennlp,opennlp.tools.cmdline.tokenizer,DictionaryDetokenizerTool,Unutilized Abstraction
opennlp,opennlp.tools.cmdline.tokenizer,SimpleTokenizerTool,Unutilized Abstraction
opennlp,opennlp.tools.cmdline.tokenizer,TokenEvaluationErrorListener,Unutilized Abstraction
opennlp,opennlp.tools.cmdline.tokenizer,TokenizerConverterTool,Unutilized Abstraction
opennlp,opennlp.tools.cmdline.tokenizer,TokenizerCrossValidatorTool,Unutilized Abstraction
opennlp,opennlp.tools.cmdline.tokenizer,CVToolParams,Unnecessary Abstraction
opennlp,opennlp.tools.cmdline.tokenizer,CVToolParams,Unutilized Abstraction
opennlp,opennlp.tools.cmdline.tokenizer,TokenizerMEEvaluatorTool,Unutilized Abstraction
opennlp,opennlp.tools.cmdline.tokenizer,EvalToolParams,Unnecessary Abstraction
opennlp,opennlp.tools.cmdline.tokenizer,EvalToolParams,Unutilized Abstraction
opennlp,opennlp.tools.cmdline.tokenizer,TokenizerMETool,Unutilized Abstraction
opennlp,opennlp.tools.cmdline.tokenizer,TokenizerModelLoader,Unutilized Abstraction
opennlp,opennlp.tools.cmdline.tokenizer,TrainerToolParams,Unnecessary Abstraction
opennlp,opennlp.tools.cmdline.tokenizer,TrainerToolParams,Unutilized Abstraction
opennlp,opennlp.tools.cmdline.tokenizer,TrainingParams,Unutilized Abstraction
opennlp,opennlp.tools.commons,Sample,Unnecessary Abstraction
opennlp,opennlp.tools.commons,Sample,Unutilized Abstraction
opennlp,opennlp.tools.commons,Trainer,Cyclic-Dependent Modularization
opennlp,opennlp.tools.dictionary,Dictionary,Insufficient Modularization
opennlp,opennlp.tools.dictionary,StringListWrapper,Unutilized Abstraction
opennlp,opennlp.tools.dictionary,Index,Unutilized Abstraction
opennlp,opennlp.tools.doccat,BagOfWordsFeatureGenerator,Unutilized Abstraction
opennlp,opennlp.tools.doccat,DoccatEvaluationMonitor,Unnecessary Abstraction
opennlp,opennlp.tools.doccat,DocumentCategorizerEventStream,Unutilized Abstraction
opennlp,opennlp.tools.doccat,DocumentSampleStream,Unutilized Abstraction
opennlp,opennlp.tools.doccat,NGramFeatureGenerator,Unutilized Abstraction
opennlp,opennlp.tools.entitylinker,BaseLink,Unutilized Abstraction
opennlp,opennlp.tools.entitylinker,LinkedSpan,Unutilized Abstraction
opennlp,opennlp.tools.formats,AbstractSampleStreamFactory,Unutilized Abstraction
opennlp,opennlp.tools.formats,AbstractSampleStreamFactory,Wide Hierarchy
opennlp,opennlp.tools.formats,BioNLP2004NameSampleStream,Deficient Encapsulation
opennlp,opennlp.tools.formats,BioNLP2004NameSampleStreamFactory,Unutilized Abstraction
opennlp,opennlp.tools.formats,BioNLP2004NameSampleStreamFactory,Broken Hierarchy
opennlp,opennlp.tools.formats,ChunkerSampleStreamFactory,Unutilized Abstraction
opennlp,opennlp.tools.formats,ChunkerSampleStreamFactory,Broken Hierarchy
opennlp,opennlp.tools.formats,Parameters,Unnecessary Abstraction
opennlp,opennlp.tools.formats,Parameters,Unutilized Abstraction
opennlp,opennlp.tools.formats,Conll02NameSampleStream,Deficient Encapsulation
opennlp,opennlp.tools.formats,Conll02NameSampleStreamFactory,Unutilized Abstraction
opennlp,opennlp.tools.formats,Conll02NameSampleStreamFactory,Broken Hierarchy
opennlp,opennlp.tools.formats,Conll02NameSampleStreamFactory,Rebellious Hierarchy
opennlp,opennlp.tools.formats,Parameters,Unutilized Abstraction
opennlp,opennlp.tools.formats,Conll03NameSampleStream,Unutilized Abstraction
opennlp,opennlp.tools.formats,Conll03NameSampleStreamFactory,Unutilized Abstraction
opennlp,opennlp.tools.formats,Conll03NameSampleStreamFactory,Broken Hierarchy
opennlp,opennlp.tools.formats,Conll03NameSampleStreamFactory,Rebellious Hierarchy
opennlp,opennlp.tools.formats,Parameters,Unutilized Abstraction
opennlp,opennlp.tools.formats,ConllXPOSSampleStream,Unutilized Abstraction
opennlp,opennlp.tools.formats,ConllXPOSSampleStreamFactory,Unutilized Abstraction
opennlp,opennlp.tools.formats,ConllXPOSSampleStreamFactory,Deficient Encapsulation
opennlp,opennlp.tools.formats,ConllXPOSSampleStreamFactory,Broken Hierarchy
opennlp,opennlp.tools.formats,Parameters,Unnecessary Abstraction
opennlp,opennlp.tools.formats,Parameters,Unutilized Abstraction
opennlp,opennlp.tools.formats,ConllXSentenceSampleStreamFactory,Unutilized Abstraction
opennlp,opennlp.tools.formats,ConllXSentenceSampleStreamFactory,Broken Hierarchy
opennlp,opennlp.tools.formats,Parameters,Unnecessary Abstraction
opennlp,opennlp.tools.formats,Parameters,Unutilized Abstraction
opennlp,opennlp.tools.formats,ConllXTokenSampleStreamFactory,Unutilized Abstraction
opennlp,opennlp.tools.formats,ConllXTokenSampleStreamFactory,Broken Hierarchy
opennlp,opennlp.tools.formats,Parameters,Unnecessary Abstraction
opennlp,opennlp.tools.formats,Parameters,Unutilized Abstraction
opennlp,opennlp.tools.formats,DetokenizerSampleStreamFactory,Unutilized Abstraction
opennlp,opennlp.tools.formats,DirectorySampleStream,Unutilized Abstraction
opennlp,opennlp.tools.formats,DocumentSampleStreamFactory,Unutilized Abstraction
opennlp,opennlp.tools.formats,DocumentSampleStreamFactory,Broken Hierarchy
opennlp,opennlp.tools.formats,Parameters,Unnecessary Abstraction
opennlp,opennlp.tools.formats,Parameters,Unutilized Abstraction
opennlp,opennlp.tools.formats,EvalitaNameSampleStream,Deficient Encapsulation
opennlp,opennlp.tools.formats,EvalitaNameSampleStreamFactory,Unutilized Abstraction
opennlp,opennlp.tools.formats,EvalitaNameSampleStreamFactory,Broken Hierarchy
opennlp,opennlp.tools.formats,EvalitaNameSampleStreamFactory,Rebellious Hierarchy
opennlp,opennlp.tools.formats,Parameters,Unutilized Abstraction
opennlp,opennlp.tools.formats,LanguageDetectorSampleStreamFactory,Unutilized Abstraction
opennlp,opennlp.tools.formats,LanguageDetectorSampleStreamFactory,Broken Hierarchy
opennlp,opennlp.tools.formats,Parameters,Unnecessary Abstraction
opennlp,opennlp.tools.formats,Parameters,Unutilized Abstraction
opennlp,opennlp.tools.formats,LanguageSampleStreamFactory,Unutilized Abstraction
opennlp,opennlp.tools.formats,LemmatizerSampleStreamFactory,Unutilized Abstraction
opennlp,opennlp.tools.formats,LemmatizerSampleStreamFactory,Broken Hierarchy
opennlp,opennlp.tools.formats,Parameters,Unnecessary Abstraction
opennlp,opennlp.tools.formats,Parameters,Unutilized Abstraction
opennlp,opennlp.tools.formats,NameFinderCensus90NameStream,Unutilized Abstraction
opennlp,opennlp.tools.formats,NameSampleDataStreamFactory,Unutilized Abstraction
opennlp,opennlp.tools.formats,NameSampleDataStreamFactory,Broken Hierarchy
opennlp,opennlp.tools.formats,Parameters,Unnecessary Abstraction
opennlp,opennlp.tools.formats,Parameters,Unutilized Abstraction
opennlp,opennlp.tools.formats,ParseSampleStreamFactory,Unutilized Abstraction
opennlp,opennlp.tools.formats,ParseSampleStreamFactory,Broken Hierarchy
opennlp,opennlp.tools.formats,Parameters,Unnecessary Abstraction
opennlp,opennlp.tools.formats,Parameters,Unutilized Abstraction
opennlp,opennlp.tools.formats,SentenceSampleStreamFactory,Unutilized Abstraction
opennlp,opennlp.tools.formats,SentenceSampleStreamFactory,Broken Hierarchy
opennlp,opennlp.tools.formats,Parameters,Unnecessary Abstraction
opennlp,opennlp.tools.formats,Parameters,Unutilized Abstraction
opennlp,opennlp.tools.formats,TokenSampleStreamFactory,Unutilized Abstraction
opennlp,opennlp.tools.formats,TokenSampleStreamFactory,Broken Hierarchy
opennlp,opennlp.tools.formats,Parameters,Unnecessary Abstraction
opennlp,opennlp.tools.formats,Parameters,Unutilized Abstraction
opennlp,opennlp.tools.formats,TwentyNewsgroupSampleStream,Unutilized Abstraction
opennlp,opennlp.tools.formats,TwentyNewsgroupSampleStreamFactory,Unutilized Abstraction
opennlp,opennlp.tools.formats,TwentyNewsgroupSampleStreamFactory,Broken Hierarchy
opennlp,opennlp.tools.formats,Parameters,Unutilized Abstraction
opennlp,opennlp.tools.formats,WordTagSampleStreamFactory,Unutilized Abstraction
opennlp,opennlp.tools.formats,WordTagSampleStreamFactory,Broken Hierarchy
opennlp,opennlp.tools.formats,Parameters,Unnecessary Abstraction
opennlp,opennlp.tools.formats,Parameters,Unutilized Abstraction
opennlp,opennlp.tools.formats.ad,ADChunkSampleStream,Deficient Encapsulation
opennlp,opennlp.tools.formats.ad,ADChunkSampleStreamFactory,Unutilized Abstraction
opennlp,opennlp.tools.formats.ad,Parameters,Unutilized Abstraction
opennlp,opennlp.tools.formats.ad,ADPOSSampleStream,Unutilized Abstraction
opennlp,opennlp.tools.formats.ad,ADPOSSampleStreamFactory,Unutilized Abstraction
opennlp,opennlp.tools.formats.ad,Parameters,Unutilized Abstraction
opennlp,opennlp.tools.formats.ad,ADSentenceSampleStream,Unutilized Abstraction
opennlp,opennlp.tools.formats.ad,ADSentenceSampleStreamFactory,Unutilized Abstraction
opennlp,opennlp.tools.formats.ad,Parameters,Unutilized Abstraction
opennlp,opennlp.tools.formats.ad,ADSentenceStream,Deficient Encapsulation
opennlp,opennlp.tools.formats.ad,ADSentenceStream,Insufficient Modularization
opennlp,opennlp.tools.formats.ad,Sentence,Deficient Encapsulation
opennlp,opennlp.tools.formats.ad,SentenceParser,Insufficient Modularization
opennlp,opennlp.tools.formats.ad,Node,Broken Hierarchy
opennlp,opennlp.tools.formats.ad,ADTokenSampleStreamFactory,Unutilized Abstraction
opennlp,opennlp.tools.formats.ad,Parameters,Unnecessary Abstraction
opennlp,opennlp.tools.formats.ad,Parameters,Unutilized Abstraction
opennlp,opennlp.tools.formats.brat,AnnotationConfiguration,Deficient Encapsulation
opennlp,opennlp.tools.formats.brat,AnnotatorNoteAnnotation,Unutilized Abstraction
opennlp,opennlp.tools.formats.brat,AnnotatorNoteAnnotation,Broken Hierarchy
opennlp,opennlp.tools.formats.brat,AttributeAnnotation,Unutilized Abstraction
opennlp,opennlp.tools.formats.brat,BratAnnotationStream,Unutilized Abstraction
opennlp,opennlp.tools.formats.brat,SpanAnnotationParser,Unutilized Abstraction
opennlp,opennlp.tools.formats.brat,RelationAnnotationParser,Unutilized Abstraction
opennlp,opennlp.tools.formats.brat,EventAnnotationParser,Unutilized Abstraction
opennlp,opennlp.tools.formats.brat,AttributeAnnotationParser,Unutilized Abstraction
opennlp,opennlp.tools.formats.brat,AnnotatorNoteParser,Unutilized Abstraction
opennlp,opennlp.tools.formats.brat,BratDocumentStream,Unutilized Abstraction
opennlp,opennlp.tools.formats.brat,BratNameSampleStream,Unutilized Abstraction
opennlp,opennlp.tools.formats.brat,BratNameSampleStream,Broken Hierarchy
opennlp,opennlp.tools.formats.brat,EventAnnotation,Unutilized Abstraction
opennlp,opennlp.tools.formats.brat,EventAnnotation,Broken Hierarchy
opennlp,opennlp.tools.formats.brat,RelationAnnotation,Unutilized Abstraction
opennlp,opennlp.tools.formats.brat,SegmenterObjectStream,Unutilized Abstraction
opennlp,opennlp.tools.formats.conllu,ConlluLemmaSampleStream,Unutilized Abstraction
opennlp,opennlp.tools.formats.conllu,ConlluLemmaSampleStreamFactory,Unutilized Abstraction
opennlp,opennlp.tools.formats.conllu,ConlluPOSSampleStream,Unutilized Abstraction
opennlp,opennlp.tools.formats.conllu,ConlluPOSSampleStreamFactory,Deficient Encapsulation
opennlp,opennlp.tools.formats.conllu,Parameters,Unutilized Abstraction
opennlp,opennlp.tools.formats.conllu,ConlluSentenceSampleStream,Unutilized Abstraction
opennlp,opennlp.tools.formats.conllu,Parameters,Unutilized Abstraction
opennlp,opennlp.tools.formats.conllu,ConlluStream,Unutilized Abstraction
opennlp,opennlp.tools.formats.conllu,ConlluTokenSampleStream,Unutilized Abstraction
opennlp,opennlp.tools.formats.conllu,Parameters,Unnecessary Abstraction
opennlp,opennlp.tools.formats.conllu,Parameters,Unutilized Abstraction
opennlp,opennlp.tools.formats.convert,AbstractToSentenceSampleStream,Unutilized Abstraction
opennlp,opennlp.tools.formats.convert,NameToSentenceSampleStream,Unutilized Abstraction
opennlp,opennlp.tools.formats.convert,NameToSentenceSampleStream,Broken Hierarchy
opennlp,opennlp.tools.formats.convert,NameToSentenceSampleStreamFactory,Unutilized Abstraction
opennlp,opennlp.tools.formats.convert,Parameters,Unnecessary Abstraction
opennlp,opennlp.tools.formats.convert,NameToTokenSampleStream,Unutilized Abstraction
opennlp,opennlp.tools.formats.convert,NameToTokenSampleStreamFactory,Unutilized Abstraction
opennlp,opennlp.tools.formats.convert,Parameters,Unnecessary Abstraction
opennlp,opennlp.tools.formats.convert,Parameters,Unutilized Abstraction
opennlp,opennlp.tools.formats.convert,ParseToPOSSampleStream,Unutilized Abstraction
opennlp,opennlp.tools.formats.convert,ParseToPOSSampleStreamFactory,Unutilized Abstraction
opennlp,opennlp.tools.formats.convert,Parameters,Unnecessary Abstraction
opennlp,opennlp.tools.formats.convert,Parameters,Unutilized Abstraction
opennlp,opennlp.tools.formats.convert,Parameters,Unnecessary Abstraction
opennlp,opennlp.tools.formats.convert,Parameters,Unutilized Abstraction
opennlp,opennlp.tools.formats.convert,POSToSentenceSampleStream,Unutilized Abstraction
opennlp,opennlp.tools.formats.convert,POSToSentenceSampleStream,Broken Hierarchy
opennlp,opennlp.tools.formats.convert,POSToSentenceSampleStreamFactory,Unutilized Abstraction
opennlp,opennlp.tools.formats.convert,Parameters,Unnecessary Abstraction
opennlp,opennlp.tools.formats.convert,Parameters,Unutilized Abstraction
opennlp,opennlp.tools.formats.convert,POSToTokenSampleStream,Unutilized Abstraction
opennlp,opennlp.tools.formats.convert,POSToTokenSampleStreamFactory,Unutilized Abstraction
opennlp,opennlp.tools.formats.convert,Parameters,Unnecessary Abstraction
opennlp,opennlp.tools.formats.convert,Parameters,Unutilized Abstraction
opennlp,opennlp.tools.formats.frenchtreebank,ConstitDocumentHandler,Unutilized Abstraction
opennlp,opennlp.tools.formats.frenchtreebank,ConstitParseSampleStream,Unutilized Abstraction
opennlp,opennlp.tools.formats.frenchtreebank,Parameters,Unnecessary Abstraction
opennlp,opennlp.tools.formats.irishsentencebank,IrishSentenceBankFlex,Unutilized Abstraction
opennlp,opennlp.tools.formats.irishsentencebank,IrishSentenceBankSentenceStream,Unutilized Abstraction
opennlp,opennlp.tools.formats.irishsentencebank,Parameters,Unnecessary Abstraction
opennlp,opennlp.tools.formats.irishsentencebank,IrishSentenceBankTokenSampleStream,Unutilized Abstraction
opennlp,opennlp.tools.formats.irishsentencebank,Parameters,Unnecessary Abstraction
opennlp,opennlp.tools.formats.irishsentencebank,Parameters,Unutilized Abstraction
opennlp,opennlp.tools.formats.leipzig,LeipzigLanguageSampleStream,Unutilized Abstraction
opennlp,opennlp.tools.formats.leipzig,LeipzigSentencesStream,Unutilized Abstraction
opennlp,opennlp.tools.formats.leipzig,LeipzigLanguageSampleStreamFactory,Unutilized Abstraction
opennlp,opennlp.tools.formats.leipzig,SampleShuffleStream,Unutilized Abstraction
opennlp,opennlp.tools.formats.leipzig,SampleSkipStream,Unutilized Abstraction
opennlp,opennlp.tools.formats.letsmt,DetokenizeSentenceSampleStream,Unutilized Abstraction
opennlp,opennlp.tools.formats.letsmt,LetsmtSentenceStream,Unutilized Abstraction
opennlp,opennlp.tools.formats.masc,MascDocumentStream,Unutilized Abstraction
opennlp,opennlp.tools.formats.masc,MascNamedEntitySampleStream,Unutilized Abstraction
opennlp,opennlp.tools.formats.masc,MascNamedEntitySampleStreamFactory,Deficient Encapsulation
opennlp,opennlp.tools.formats.masc,MascPOSSampleStream,Unutilized Abstraction
opennlp,opennlp.tools.formats.masc,MascPOSSampleStreamFactory,Deficient Encapsulation
opennlp,opennlp.tools.formats.masc,Parameters,Unutilized Abstraction
opennlp,opennlp.tools.formats.masc,MascSentenceSampleStream,Unutilized Abstraction
opennlp,opennlp.tools.formats.masc,MascSentenceSampleStreamFactory,Deficient Encapsulation
opennlp,opennlp.tools.formats.masc,Parameters,Unutilized Abstraction
opennlp,opennlp.tools.formats.masc,MascTokenSampleStream,Unutilized Abstraction
opennlp,opennlp.tools.formats.masc,MascTokenSampleStreamFactory,Deficient Encapsulation
opennlp,opennlp.tools.formats.masc,Parameters,Unutilized Abstraction
opennlp,opennlp.tools.formats.moses,MosesSentenceSampleStream,Unutilized Abstraction
opennlp,opennlp.tools.formats.moses,MosesSentenceSampleStreamFactory,Unutilized Abstraction
opennlp,opennlp.tools.formats.moses,Parameters,Unnecessary Abstraction
opennlp,opennlp.tools.formats.muc,DocumentSplitterStream,Unutilized Abstraction
opennlp,opennlp.tools.formats.muc,MucNameContentHandler,Unutilized Abstraction
opennlp,opennlp.tools.formats.muc,MucNameSampleStream,Unutilized Abstraction
opennlp,opennlp.tools.formats.nkjp,NKJPSentenceSampleStream,Unutilized Abstraction
opennlp,opennlp.tools.formats.nkjp,NKJPTextDocument,Imperative Abstraction
opennlp,opennlp.tools.formats.ontonotes,DocumentToLineStream,Unutilized Abstraction
opennlp,opennlp.tools.formats.ontonotes,OntoNotesNameSampleStream,Unutilized Abstraction
opennlp,opennlp.tools.formats.ontonotes,OntoNotesNameSampleStreamFactory,Unutilized Abstraction
opennlp,opennlp.tools.formats.ontonotes,OntoNotesParseSampleStream,Unutilized Abstraction
opennlp,opennlp.tools.formats.ontonotes,OntoNotesPOSSampleStreamFactory,Unutilized Abstraction
opennlp,opennlp.tools.langdetect,DefaultLanguageDetectorContextGenerator,Unutilized Abstraction
opennlp,opennlp.tools.langdetect,LanguageDetectorConfig,Deficient Encapsulation
opennlp,opennlp.tools.langdetect,ImmutableLanguageDetectorConfig,Unutilized Abstraction
opennlp,opennlp.tools.langdetect,LanguageDetectorEvaluationMonitor,Unnecessary Abstraction
opennlp,opennlp.tools.langdetect,LanguageDetectorEventStream,Unutilized Abstraction
opennlp,opennlp.tools.langdetect,LanguageDetectorSampleStream,Unutilized Abstraction
opennlp,opennlp.tools.languagemodel,LanguageModel,Unutilized Abstraction
opennlp,opennlp.tools.languagemodel,NGramLanguageModel,Unutilized Abstraction
opennlp,opennlp.tools.lemmatizer,DefaultLemmatizerSequenceValidator,Unutilized Abstraction
opennlp,opennlp.tools.lemmatizer,DictionaryLemmatizer,Unutilized Abstraction
opennlp,opennlp.tools.lemmatizer,LemmaSampleEventStream,Unutilized Abstraction
opennlp,opennlp.tools.lemmatizer,LemmaSampleStream,Unutilized Abstraction
opennlp,opennlp.tools.lemmatizer,LemmatizerEvaluationMonitor,Unnecessary Abstraction
opennlp,opennlp.tools.lemmatizer,LemmatizerME,Deficient Encapsulation
opennlp,opennlp.tools.lemmatizer,LemmatizerME,Cyclic-Dependent Modularization
opennlp,opennlp.tools.lemmatizer,LemmatizerModel,Cyclic-Dependent Modularization
opennlp,opennlp.tools.log,LogPrintStream,Unutilized Abstraction
opennlp,opennlp.tools.ml,AbstractEventModelSequenceTrainer,Unutilized Abstraction
opennlp,opennlp.tools.ml,AbstractEventModelSequenceTrainer,Broken Hierarchy
opennlp,opennlp.tools.ml,AbstractEventTrainer,Deficient Encapsulation
opennlp,opennlp.tools.ml,AbstractEventTrainer,Cyclic-Dependent Modularization
opennlp,opennlp.tools.ml,AbstractMLModelWriter,Unutilized Abstraction
opennlp,opennlp.tools.ml,AbstractTrainer,Deficient Encapsulation
opennlp,opennlp.tools.ml,AbstractTrainer,Cyclic-Dependent Modularization
opennlp,opennlp.tools.ml,BeamSearch,Deficient Encapsulation
opennlp,opennlp.tools.ml,EventTrainer,Cyclic-Dependent Modularization
opennlp,opennlp.tools.ml,TrainerFactory,Cyclic-Dependent Modularization
opennlp,opennlp.tools.ml.maxent,BasicContextGenerator,Unutilized Abstraction
opennlp,opennlp.tools.ml.maxent,ContextGenerator,Unutilized Abstraction
opennlp,opennlp.tools.ml.maxent,DataStream,Unutilized Abstraction
opennlp,opennlp.tools.ml.maxent,GISTrainer,Deficient Encapsulation
opennlp,opennlp.tools.ml.maxent,GISTrainer,Cyclic-Dependent Modularization
opennlp,opennlp.tools.ml.maxent,RealBasicEventStream,Unutilized Abstraction
opennlp,opennlp.tools.ml.maxent.io,BinaryGISModelReader,Unutilized Abstraction
opennlp,opennlp.tools.ml.maxent.io,BinaryGISModelReader,Broken Hierarchy
opennlp,opennlp.tools.ml.maxent.io,BinaryGISModelWriter,Unutilized Abstraction
opennlp,opennlp.tools.ml.maxent.io,BinaryGISModelWriter,Broken Hierarchy
opennlp,opennlp.tools.ml.maxent.io,BinaryQNModelReader,Unutilized Abstraction
opennlp,opennlp.tools.ml.maxent.io,BinaryQNModelReader,Broken Hierarchy
opennlp,opennlp.tools.ml.maxent.io,BinaryQNModelWriter,Unutilized Abstraction
opennlp,opennlp.tools.ml.maxent.io,BinaryQNModelWriter,Broken Hierarchy
opennlp,opennlp.tools.ml.maxent.io,GISModelReader,Unutilized Abstraction
opennlp,opennlp.tools.ml.maxent.io,GISModelWriter,Unutilized Abstraction
opennlp,opennlp.tools.ml.maxent.io,QNModelReader,Unutilized Abstraction
opennlp,opennlp.tools.ml.maxent.io,QNModelWriter,Unutilized Abstraction
opennlp,opennlp.tools.ml.maxent.quasinewton,LineSearch,Insufficient Modularization
opennlp,opennlp.tools.ml.maxent.quasinewton,LineSearchResult,Insufficient Modularization
opennlp,opennlp.tools.ml.maxent.quasinewton,NegLogLikelihood,Unutilized Abstraction
opennlp,opennlp.tools.ml.maxent.quasinewton,ParallelNegLogLikelihood,Unutilized Abstraction
opennlp,opennlp.tools.ml.maxent.quasinewton,ComputeTask,Unutilized Abstraction
opennlp,opennlp.tools.ml.maxent.quasinewton,NegLLComputeTask,Unutilized Abstraction
opennlp,opennlp.tools.ml.maxent.quasinewton,NegLLComputeTask,Broken Hierarchy
opennlp,opennlp.tools.ml.maxent.quasinewton,GradientComputeTask,Unutilized Abstraction
opennlp,opennlp.tools.ml.maxent.quasinewton,GradientComputeTask,Broken Hierarchy
opennlp,opennlp.tools.ml.maxent.quasinewton,QNMinimizer,Deficient Encapsulation
opennlp,opennlp.tools.ml.maxent.quasinewton,L2RegFunction,Unutilized Abstraction
opennlp,opennlp.tools.ml.maxent.quasinewton,QNTrainer,Deficient Encapsulation
opennlp,opennlp.tools.ml.maxent.quasinewton,QNTrainer,Cyclic-Dependent Modularization
opennlp,opennlp.tools.ml.model,AbstractDataIndexer,Deficient Encapsulation
opennlp,opennlp.tools.ml.model,AbstractDataIndexer,Cyclic-Dependent Modularization
opennlp,opennlp.tools.ml.model,BinaryFileDataReader,Unutilized Abstraction
opennlp,opennlp.tools.ml.model,ComparableEvent,Deficient Encapsulation
opennlp,opennlp.tools.ml.model,ComparablePredicate,Deficient Encapsulation
opennlp,opennlp.tools.ml.model,DataIndexer,Cyclic-Dependent Modularization
opennlp,opennlp.tools.ml.model,DataIndexerFactory,Cyclic-Dependent Modularization
opennlp,opennlp.tools.ml.model,DynamicEvalParameters,Unutilized Abstraction
opennlp,opennlp.tools.ml.model,FileEventStream,Unutilized Abstraction
opennlp,opennlp.tools.ml.model,GenericModelReader,Unutilized Abstraction
opennlp,opennlp.tools.ml.model,ModelParameterChunker,Deficient Encapsulation
opennlp,opennlp.tools.ml.model,MutableContext,Broken Hierarchy
opennlp,opennlp.tools.ml.model,ObjectDataReader,Unutilized Abstraction
opennlp,opennlp.tools.ml.model,OnePassDataIndexer,Unutilized Abstraction
opennlp,opennlp.tools.ml.model,OnePassDataIndexer,Broken Hierarchy
opennlp,opennlp.tools.ml.model,OnePassRealValueDataIndexer,Unutilized Abstraction
opennlp,opennlp.tools.ml.model,OnePassRealValueDataIndexer,Broken Hierarchy
opennlp,opennlp.tools.ml.model,PlainTextFileDataReader,Unutilized Abstraction
opennlp,opennlp.tools.ml.model,RealValueFileEventStream,Unutilized Abstraction
opennlp,opennlp.tools.ml.model,SequenceStreamEventStream,Unutilized Abstraction
opennlp,opennlp.tools.ml.model,TwoPassDataIndexer,Unutilized Abstraction
opennlp,opennlp.tools.ml.model,TwoPassDataIndexer,Broken Hierarchy
opennlp,opennlp.tools.ml.model,EventStream,Unutilized Abstraction
opennlp,opennlp.tools.ml.model,UniformPrior,Unutilized Abstraction
opennlp,opennlp.tools.ml.naivebayes,BinaryNaiveBayesModelReader,Unutilized Abstraction
opennlp,opennlp.tools.ml.naivebayes,BinaryNaiveBayesModelReader,Broken Hierarchy
opennlp,opennlp.tools.ml.naivebayes,BinaryNaiveBayesModelWriter,Unutilized Abstraction
opennlp,opennlp.tools.ml.naivebayes,BinaryNaiveBayesModelWriter,Broken Hierarchy
opennlp,opennlp.tools.ml.naivebayes,LogProbabilities,Unutilized Abstraction
opennlp,opennlp.tools.ml.naivebayes,LogProbability,Unutilized Abstraction
opennlp,opennlp.tools.ml.naivebayes,NaiveBayesEvalParameters,Unutilized Abstraction
opennlp,opennlp.tools.ml.naivebayes,NaiveBayesModelReader,Unutilized Abstraction
opennlp,opennlp.tools.ml.naivebayes,NaiveBayesModelWriter,Unutilized Abstraction
opennlp,opennlp.tools.ml.naivebayes,NaiveBayesTrainer,Deficient Encapsulation
opennlp,opennlp.tools.ml.naivebayes,NaiveBayesTrainer,Cyclic-Dependent Modularization
opennlp,opennlp.tools.ml.naivebayes,PlainTextNaiveBayesModelReader,Unutilized Abstraction
opennlp,opennlp.tools.ml.naivebayes,PlainTextNaiveBayesModelReader,Broken Hierarchy
opennlp,opennlp.tools.ml.naivebayes,PlainTextNaiveBayesModelWriter,Unutilized Abstraction
opennlp,opennlp.tools.ml.naivebayes,PlainTextNaiveBayesModelWriter,Broken Hierarchy
opennlp,opennlp.tools.ml.perceptron,BinaryPerceptronModelReader,Unutilized Abstraction
opennlp,opennlp.tools.ml.perceptron,BinaryPerceptronModelReader,Broken Hierarchy
opennlp,opennlp.tools.ml.perceptron,BinaryPerceptronModelWriter,Unutilized Abstraction
opennlp,opennlp.tools.ml.perceptron,BinaryPerceptronModelWriter,Broken Hierarchy
opennlp,opennlp.tools.ml.perceptron,PerceptronModelReader,Unutilized Abstraction
opennlp,opennlp.tools.ml.perceptron,PerceptronModelWriter,Unutilized Abstraction
opennlp,opennlp.tools.ml.perceptron,PerceptronTrainer,Deficient Encapsulation
opennlp,opennlp.tools.ml.perceptron,PerceptronTrainer,Cyclic-Dependent Modularization
opennlp,opennlp.tools.ml.perceptron,SimplePerceptronSequenceTrainer,Deficient Encapsulation
opennlp,opennlp.tools.ml.perceptron,SimplePerceptronSequenceTrainer,Cyclic-Dependent Modularization
opennlp,opennlp.tools.namefind,BilouCodec,Deficient Encapsulation
opennlp,opennlp.tools.namefind,BilouNameFinderSequenceValidator,Unutilized Abstraction
opennlp,opennlp.tools.namefind,BioCodec,Deficient Encapsulation
opennlp,opennlp.tools.namefind,DefaultNameContextGenerator,Unutilized Abstraction
opennlp,opennlp.tools.namefind,DictionaryNameFinder,Unutilized Abstraction
opennlp,opennlp.tools.namefind,DocumentNameFinder,Unutilized Abstraction
opennlp,opennlp.tools.namefind,NameFinderEventStream,Cyclic-Dependent Modularization
opennlp,opennlp.tools.namefind,NameFinderME,Deficient Encapsulation
opennlp,opennlp.tools.namefind,NameFinderME,Cyclic-Dependent Modularization
opennlp,opennlp.tools.namefind,NameFinderSequenceValidator,Unutilized Abstraction
opennlp,opennlp.tools.namefind,NameSample,Deficient Encapsulation
opennlp,opennlp.tools.namefind,NameSample,Cyclic-Dependent Modularization
opennlp,opennlp.tools.namefind,NameSampleDataStream,Deficient Encapsulation
opennlp,opennlp.tools.namefind,NameSampleDataStream,Cyclic-Dependent Modularization
opennlp,opennlp.tools.namefind,NameSampleSequenceStream,Cyclic-Dependent Modularization
opennlp,opennlp.tools.namefind,NameSampleTypeFilter,Unutilized Abstraction
opennlp,opennlp.tools.namefind,RegexNameFinder,Unutilized Abstraction
opennlp,opennlp.tools.namefind,RegexNameFinderFactory,Unutilized Abstraction
opennlp,opennlp.tools.namefind,RegexAble,Unutilized Abstraction
opennlp,opennlp.tools.namefind,NameToDocumentSampleStream,Unutilized Abstraction
opennlp,opennlp.tools.namefind,DocumentToNameSampleStream,Unutilized Abstraction
opennlp,opennlp.tools.namefind,TokenNameFinderEvaluationMonitor,Unnecessary Abstraction
opennlp,opennlp.tools.namefind,TokenNameFinderFactory,Cyclic-Dependent Modularization
opennlp,opennlp.tools.namefind,TokenNameFinderModel,Cyclic-Dependent Modularization
opennlp,opennlp.tools.namefind,FeatureGeneratorCreationError,Unutilized Abstraction
opennlp,opennlp.tools.ngram,NGramGenerator,Unutilized Abstraction
opennlp,opennlp.tools.ngram,NGramModel,Insufficient Modularization
opennlp,opennlp.tools.parser,AbstractBottomUpParser,Deficient Encapsulation
opennlp,opennlp.tools.parser,AbstractBottomUpParser,Cyclic-Dependent Modularization
opennlp,opennlp.tools.parser,AbstractContextGenerator,Unutilized Abstraction
opennlp,opennlp.tools.parser,ChunkContextGenerator,Unutilized Abstraction
opennlp,opennlp.tools.parser,HeadRules,Cyclic-Dependent Modularization
opennlp,opennlp.tools.parser,Parse,Deficient Encapsulation
opennlp,opennlp.tools.parser,Parse,Cyclic-Dependent Modularization
opennlp,opennlp.tools.parser,Parse,Insufficient Modularization
opennlp,opennlp.tools.parser,Parser,Cyclic-Dependent Modularization
opennlp,opennlp.tools.parser,ParserChunkerFactory,Unutilized Abstraction
opennlp,opennlp.tools.parser,ParserChunkerSequenceValidator,Unutilized Abstraction
opennlp,opennlp.tools.parser,ParserCrossValidator,Unutilized Abstraction
opennlp,opennlp.tools.parser,ParserEvaluationMonitor,Unnecessary Abstraction
opennlp,opennlp.tools.parser,ParserModel,Cyclic-Dependent Modularization
opennlp,opennlp.tools.parser,ParserModel,Insufficient Modularization
opennlp,opennlp.tools.parser,HeadRulesSerializer,Unutilized Abstraction
opennlp,opennlp.tools.parser,ParseSampleStream,Unutilized Abstraction
opennlp,opennlp.tools.parser,PosSampleStream,Unutilized Abstraction
opennlp,opennlp.tools.parser.chunking,BuildContextGenerator,Cyclic-Dependent Modularization
opennlp,opennlp.tools.parser.chunking,CheckContextGenerator,Cyclic-Dependent Modularization
opennlp,opennlp.tools.parser.chunking,Parser,Cyclic-Dependent Modularization
opennlp,opennlp.tools.parser.chunking,ParserEventStream,Cyclic-Dependent Modularization
opennlp,opennlp.tools.parser.lang.en,HeadRules,Deficient Encapsulation
opennlp,opennlp.tools.parser.lang.en,HeadRules,Cyclic Hierarchy
opennlp,opennlp.tools.parser.lang.en,HeadRules,Deep Hierarchy
opennlp,opennlp.tools.parser.lang.en,HeadRules,Cyclic-Dependent Modularization
opennlp,opennlp.tools.parser.lang.en,HeadRulesSerializer,Unutilized Abstraction
opennlp,opennlp.tools.parser.lang.en,HeadRule,Deficient Encapsulation
opennlp,opennlp.tools.parser.lang.es,AncoraSpanishHeadRules,Deficient Encapsulation
opennlp,opennlp.tools.parser.lang.es,HeadRulesSerializer,Unutilized Abstraction
opennlp,opennlp.tools.parser.lang.es,HeadRule,Deficient Encapsulation
opennlp,opennlp.tools.parser.treeinsert,BuildContextGenerator,Cyclic-Dependent Modularization
opennlp,opennlp.tools.parser.treeinsert,CheckContextGenerator,Cyclic-Dependent Modularization
opennlp,opennlp.tools.parser.treeinsert,Parser,Deficient Encapsulation
opennlp,opennlp.tools.parser.treeinsert,Parser,Cyclic-Dependent Modularization
opennlp,opennlp.tools.parser.treeinsert,ParserEventStream,Unutilized Abstraction
opennlp,opennlp.tools.postag,ConfigurablePOSContextGenerator,Unutilized Abstraction
opennlp,opennlp.tools.postag,DefaultPOSSequenceValidator,Unutilized Abstraction
opennlp,opennlp.tools.postag,POSDictionary,Cyclic-Dependent Modularization
opennlp,opennlp.tools.postag,POSModel,Cyclic-Dependent Modularization
opennlp,opennlp.tools.postag,POSTaggerEvaluationMonitor,Unnecessary Abstraction
opennlp,opennlp.tools.postag,POSTaggerFactory,Cyclic-Dependent Modularization
opennlp,opennlp.tools.postag,POSDictionarySerializer,Cyclic-Dependent Modularization
opennlp,opennlp.tools.postag,POSTaggerME,Deficient Encapsulation
opennlp,opennlp.tools.postag,POSTaggerME,Cyclic-Dependent Modularization
opennlp,opennlp.tools.postag,WordTagSampleStream,Unutilized Abstraction
opennlp,opennlp.tools.sentdetect,DefaultEndOfSentenceScanner,Unutilized Abstraction
opennlp,opennlp.tools.sentdetect,NewlineSentenceDetector,Unutilized Abstraction
opennlp,opennlp.tools.sentdetect,SDEventStream,Unutilized Abstraction
opennlp,opennlp.tools.sentdetect,SentenceDetectorEvaluationMonitor,Unnecessary Abstraction
opennlp,opennlp.tools.sentdetect,SentenceDetectorME,Deficient Encapsulation
opennlp,opennlp.tools.sentdetect,SentenceDetectorME,Cyclic-Dependent Modularization
opennlp,opennlp.tools.sentdetect,SentenceModel,Cyclic-Dependent Modularization
opennlp,opennlp.tools.sentdetect.lang,Factory,Deficient Encapsulation
opennlp,opennlp.tools.sentdetect.lang.th,SentenceContextGenerator,Unutilized Abstraction
opennlp,opennlp.tools.sentdetect.lang.th,SentenceContextGenerator,Deficient Encapsulation
opennlp,opennlp.tools.stemmer,PorterStemmer,Unutilized Abstraction
opennlp,opennlp.tools.stemmer,PorterStemmer,Insufficient Modularization
opennlp,opennlp.tools.stemmer,Stemmer,Unutilized Abstraction
opennlp,opennlp.tools.stemmer.snowball,AbstractSnowballStemmer,Broken Hierarchy
opennlp,opennlp.tools.stemmer.snowball,AbstractSnowballStemmer,Wide Hierarchy
opennlp,opennlp.tools.stemmer.snowball,Among,Deficient Encapsulation
opennlp,opennlp.tools.stemmer.snowball,Among,Cyclic-Dependent Modularization
opennlp,opennlp.tools.stemmer.snowball,arabicStemmer,Insufficient Modularization
opennlp,opennlp.tools.stemmer.snowball,dutchStemmer,Insufficient Modularization
opennlp,opennlp.tools.stemmer.snowball,englishStemmer,Insufficient Modularization
opennlp,opennlp.tools.stemmer.snowball,finnishStemmer,Insufficient Modularization
opennlp,opennlp.tools.stemmer.snowball,frenchStemmer,Insufficient Modularization
opennlp,opennlp.tools.stemmer.snowball,germanStemmer,Insufficient Modularization
opennlp,opennlp.tools.stemmer.snowball,greekStemmer,Insufficient Modularization
opennlp,opennlp.tools.stemmer.snowball,hungarianStemmer,Insufficient Modularization
opennlp,opennlp.tools.stemmer.snowball,indonesianStemmer,Deficient Encapsulation
opennlp,opennlp.tools.stemmer.snowball,italianStemmer,Insufficient Modularization
opennlp,opennlp.tools.stemmer.snowball,porterStemmer,Insufficient Modularization
opennlp,opennlp.tools.stemmer.snowball,portugueseStemmer,Insufficient Modularization
opennlp,opennlp.tools.stemmer.snowball,romanianStemmer,Insufficient Modularization
opennlp,opennlp.tools.stemmer.snowball,russianStemmer,Insufficient Modularization
opennlp,opennlp.tools.stemmer.snowball,SnowballProgram,Cyclic-Dependent Modularization
opennlp,opennlp.tools.stemmer.snowball,SnowballProgram,Insufficient Modularization
opennlp,opennlp.tools.stemmer.snowball,SnowballStemmer,Unutilized Abstraction
opennlp,opennlp.tools.stemmer.snowball,spanishStemmer,Insufficient Modularization
opennlp,opennlp.tools.stemmer.snowball,turkishStemmer,Insufficient Modularization
opennlp,opennlp.tools.tokenize,AbstractTokenizer,Unutilized Abstraction
opennlp,opennlp.tools.tokenize,DefaultTokenContextGenerator,Unutilized Abstraction
opennlp,opennlp.tools.tokenize,DetokenizerEvaluator,Unutilized Abstraction
opennlp,opennlp.tools.tokenize,DictionaryDetokenizer,Unutilized Abstraction
opennlp,opennlp.tools.tokenize,SimpleTokenizer,Unutilized Abstraction
opennlp,opennlp.tools.tokenize,SimpleTokenizer,Deficient Encapsulation
opennlp,opennlp.tools.tokenize,SimpleTokenizer,Broken Hierarchy
opennlp,opennlp.tools.tokenize,TokenizerEvaluationMonitor,Unnecessary Abstraction
opennlp,opennlp.tools.tokenize,TokenizerME,Unutilized Abstraction
opennlp,opennlp.tools.tokenize,TokenizerME,Deficient Encapsulation
opennlp,opennlp.tools.tokenize,TokenizerME,Broken Hierarchy
opennlp,opennlp.tools.tokenize,TokenizerME,Cyclic-Dependent Modularization
opennlp,opennlp.tools.tokenize,TokenizerModel,Cyclic-Dependent Modularization
opennlp,opennlp.tools.tokenize,TokenizerStream,Unutilized Abstraction
opennlp,opennlp.tools.tokenize,TokenSample,Deficient Encapsulation
opennlp,opennlp.tools.tokenize,TokenSampleStream,Unutilized Abstraction
opennlp,opennlp.tools.tokenize,TokSpanEventStream,Unutilized Abstraction
opennlp,opennlp.tools.tokenize,WhitespaceTokenizer,Unutilized Abstraction
opennlp,opennlp.tools.tokenize,WhitespaceTokenizer,Deficient Encapsulation
opennlp,opennlp.tools.tokenize,WhitespaceTokenizer,Broken Hierarchy
opennlp,opennlp.tools.tokenize,WhitespaceTokenStream,Unutilized Abstraction
opennlp,opennlp.tools.tokenize,WordpieceTokenizer,Unutilized Abstraction
opennlp,opennlp.tools.tokenize.lang.en,TokenSampleStream,Unutilized Abstraction
opennlp,opennlp.tools.tokenize.lang,Factory,Deficient Encapsulation
opennlp,opennlp.tools.util,AbstractEventStream,Unutilized Abstraction
opennlp,opennlp.tools.util,AbstractObjectStream,Unutilized Abstraction
opennlp,opennlp.tools.util,CollectionObjectStream,Unutilized Abstraction
opennlp,opennlp.tools.util,DownloadUtil,Deficient Encapsulation
opennlp,opennlp.tools.util,DownloadParser,Unutilized Abstraction
opennlp,opennlp.tools.util,EventTraceStream,Unutilized Abstraction
opennlp,opennlp.tools.util,EventTraceStream,Broken Hierarchy
opennlp,opennlp.tools.util,FilterObjectStream,Unutilized Abstraction
opennlp,opennlp.tools.util,InsufficientTrainingDataException,Unutilized Abstraction
opennlp,opennlp.tools.util,InvalidFormatException,Unutilized Abstraction
opennlp,opennlp.tools.util,MarkableFileInputStream,Unutilized Abstraction
opennlp,opennlp.tools.util,MarkableFileInputStreamFactory,Unutilized Abstraction
opennlp,opennlp.tools.util,ParagraphStream,Unutilized Abstraction
opennlp,opennlp.tools.util,ParagraphStream,Broken Hierarchy
opennlp,opennlp.tools.util,PlainTextByLineStream,Unutilized Abstraction
opennlp,opennlp.tools.util,ResetableIterator,Unutilized Abstraction
opennlp,opennlp.tools.util,ReverseListIterator,Unutilized Abstraction
opennlp,opennlp.tools.util,Span,Insufficient Modularization
opennlp,opennlp.tools.util,TrainingParameters,Deficient Encapsulation
opennlp,opennlp.tools.util,TrainingParameters,Cyclic-Dependent Modularization
opennlp,opennlp.tools.util,TrainingParameters,Insufficient Modularization
opennlp,opennlp.tools.util,Version,Deficient Encapsulation
opennlp,opennlp.tools.util.eval,Evaluator,Unutilized Abstraction
opennlp,opennlp.tools.util.ext,ExtensionNotLoadedException,Unutilized Abstraction
opennlp,opennlp.tools.util.ext,ExtensionServiceKeys,Unnecessary Abstraction
opennlp,opennlp.tools.util.ext,ExtensionServiceKeys,Unutilized Abstraction
opennlp,opennlp.tools.util.ext,ExtensionServiceKeys,Deficient Encapsulation
opennlp,opennlp.tools.util.featuregen,AdaptiveFeatureGenerator,Wide Hierarchy
opennlp,opennlp.tools.util.featuregen,AggregatedFeatureGenerator,Unutilized Abstraction
opennlp,opennlp.tools.util.featuregen,AggregatedFeatureGeneratorFactory,Unutilized Abstraction
opennlp,opennlp.tools.util.featuregen,BigramNameFeatureGenerator,Unutilized Abstraction
opennlp,opennlp.tools.util.featuregen,BigramNameFeatureGeneratorFactory,Unutilized Abstraction
opennlp,opennlp.tools.util.featuregen,BrownBigramFeatureGenerator,Unutilized Abstraction
opennlp,opennlp.tools.util.featuregen,BrownClusterSerializer,Unutilized Abstraction
opennlp,opennlp.tools.util.featuregen,BrownClusterBigramFeatureGeneratorFactory,Unutilized Abstraction
opennlp,opennlp.tools.util.featuregen,BrownClusterTokenClassFeatureGeneratorFactory,Unutilized Abstraction
opennlp,opennlp.tools.util.featuregen,BrownClusterTokenFeatureGeneratorFactory,Unutilized Abstraction
opennlp,opennlp.tools.util.featuregen,BrownTokenClasses,Deficient Encapsulation
opennlp,opennlp.tools.util.featuregen,BrownTokenClassFeatureGenerator,Unutilized Abstraction
opennlp,opennlp.tools.util.featuregen,BrownTokenFeatureGenerator,Unutilized Abstraction
opennlp,opennlp.tools.util.featuregen,CachedFeatureGenerator,Unutilized Abstraction
opennlp,opennlp.tools.util.featuregen,CachedFeatureGeneratorFactory,Unutilized Abstraction
opennlp,opennlp.tools.util.featuregen,CharacterNgramFeatureGenerator,Unutilized Abstraction
opennlp,opennlp.tools.util.featuregen,CharacterNgramFeatureGeneratorFactory,Unutilized Abstraction
opennlp,opennlp.tools.util.featuregen,DefinitionFeatureGeneratorFactory,Unutilized Abstraction
opennlp,opennlp.tools.util.featuregen,DictionaryFeatureGenerator,Unutilized Abstraction
opennlp,opennlp.tools.util.featuregen,DictionaryFeatureGeneratorFactory,Unutilized Abstraction
opennlp,opennlp.tools.util.featuregen,DocumentBeginFeatureGenerator,Unutilized Abstraction
opennlp,opennlp.tools.util.featuregen,DocumentBeginFeatureGeneratorFactory,Unutilized Abstraction
opennlp,opennlp.tools.util.featuregen,FeatureGeneratorUtil,Imperative Abstraction
opennlp,opennlp.tools.util.featuregen,GeneratorFactory,Wide Hierarchy
opennlp,opennlp.tools.util.featuregen,GeneratorFactory,Cyclic-Dependent Modularization
opennlp,opennlp.tools.util.featuregen,AbstractXmlFeatureGeneratorFactory,Cyclic-Dependent Modularization
opennlp,opennlp.tools.util.featuregen,OutcomePriorFeatureGenerator,Unutilized Abstraction
opennlp,opennlp.tools.util.featuregen,PosTaggerFeatureGenerator,Unutilized Abstraction
opennlp,opennlp.tools.util.featuregen,PosTaggerFeatureGeneratorFactory,Unutilized Abstraction
opennlp,opennlp.tools.util.featuregen,POSTaggerNameFeatureGenerator,Unutilized Abstraction
opennlp,opennlp.tools.util.featuregen,POSTaggerNameFeatureGeneratorFactory,Unutilized Abstraction
opennlp,opennlp.tools.util.featuregen,PrefixFeatureGeneratorFactory,Unutilized Abstraction
opennlp,opennlp.tools.util.featuregen,PreviousMapFeatureGenerator,Unutilized Abstraction
opennlp,opennlp.tools.util.featuregen,PreviousMapFeatureGeneratorFactory,Unutilized Abstraction
opennlp,opennlp.tools.util.featuregen,PreviousTwoMapFeatureGenerator,Unutilized Abstraction
opennlp,opennlp.tools.util.featuregen,SentenceFeatureGenerator,Unutilized Abstraction
opennlp,opennlp.tools.util.featuregen,SentenceFeatureGeneratorFactory,Unutilized Abstraction
opennlp,opennlp.tools.util.featuregen,SuffixFeatureGeneratorFactory,Unutilized Abstraction
opennlp,opennlp.tools.util.featuregen,TokenClassFeatureGenerator,Unutilized Abstraction
opennlp,opennlp.tools.util.featuregen,TokenClassFeatureGeneratorFactory,Unutilized Abstraction
opennlp,opennlp.tools.util.featuregen,TokenFeatureGenerator,Unutilized Abstraction
opennlp,opennlp.tools.util.featuregen,TokenFeatureGeneratorFactory,Unutilized Abstraction
opennlp,opennlp.tools.util.featuregen,TokenPatternFeatureGenerator,Unutilized Abstraction
opennlp,opennlp.tools.util.featuregen,TokenPatternFeatureGeneratorFactory,Unutilized Abstraction
opennlp,opennlp.tools.util.featuregen,TrigramNameFeatureGenerator,Unutilized Abstraction
opennlp,opennlp.tools.util.featuregen,TrigramNameFeatureGeneratorFactory,Unutilized Abstraction
opennlp,opennlp.tools.util.featuregen,WindowFeatureGenerator,Unutilized Abstraction
opennlp,opennlp.tools.util.featuregen,WindowFeatureGenerator,Deficient Encapsulation
opennlp,opennlp.tools.util.featuregen,WindowFeatureGeneratorFactory,Unutilized Abstraction
opennlp,opennlp.tools.util.featuregen,WordClusterDictionarySerializer,Unutilized Abstraction
opennlp,opennlp.tools.util.featuregen,WordClusterFeatureGenerator,Unutilized Abstraction
opennlp,opennlp.tools.util.featuregen,WordClusterFeatureGeneratorFactory,Unutilized Abstraction
opennlp,opennlp.tools.util.model,BaseModel,Deficient Encapsulation
opennlp,opennlp.tools.util.model,BaseModel,Cyclic-Dependent Modularization
opennlp,opennlp.tools.util.model,BaseModel,Insufficient Modularization
opennlp,opennlp.tools.util.model,ByteArraySerializer,Unutilized Abstraction
opennlp,opennlp.tools.util.model,ChunkerModelSerializer,Unutilized Abstraction
opennlp,opennlp.tools.util.model,GenericModelSerializer,Cyclic-Dependent Modularization
opennlp,opennlp.tools.util.model,ModelUtil,Cyclic-Dependent Modularization
opennlp,opennlp.tools.util.model,POSModelSerializer,Unutilized Abstraction
opennlp,opennlp.tools.util.model,SerializableArtifact,Unutilized Abstraction
opennlp,opennlp.tools.util.model,UncloseableInputStream,Unutilized Abstraction
opennlp,opennlp.tools.util.normalizer,AggregateCharSequenceNormalizer,Unutilized Abstraction
opennlp,opennlp.tools.util.wordvector,DoubleArrayVector,Unutilized Abstraction
opennlp,opennlp.tools.util.wordvector,FloatArrayVector,Unutilized Abstraction
opennlp,opennlp.tools.util.wordvector,Glove,Unutilized Abstraction
opennlp,opennlp.tools.util.wordvector,MapWordVectorTable,Unutilized Abstraction
opennlp,opennlp.tools.util.wordvector,WordVector,Unutilized Abstraction
opennlp,opennlp.tools.util.wordvector,WordVectorTable,Unutilized Abstraction
