Project Name,Package Name,Type Name,NOF,NOPF,NOM,NOPM,LOC,WMC,NC,DIT,LCOM,FANIN,FANOUT
AndroidUtilCode,com.blankj.launcher.app,LauncherApp,1,0,2,2,13,2,0,0,0.0,1,1
AndroidUtilCode,com.blankj.main.app,MainApp,1,0,3,2,16,3,0,0,0.6666666666666666,1,1
AndroidUtilCode,com.blankj.mock.subutil,SubUtilApiMock,0,0,1,1,8,1,0,0,-1.0,0,1
AndroidUtilCode,com.blankj.mock.utilcode,UtilCodeApiMock,0,0,2,2,13,3,0,0,-1.0,0,2
AndroidUtilCode,com.blankj.subutil.export.api,SubUtilApi,0,0,1,1,6,1,0,0,-1.0,0,1
AndroidUtilCode,com.blankj.subutil.pkg,SubUtilApiImpl,0,0,1,1,8,1,0,0,-1.0,0,0
AndroidUtilCode,com.blankj.utilcode.export.api,UtilCodeApi,0,0,3,2,10,3,0,0,-1.0,0,2
AndroidUtilCode,com.blankj.utilcode.export.api,Callback,0,0,1,0,3,1,0,0,-1.0,3,0
AndroidUtilCode,com.blankj.utilcode.pkg.feature.api.other.export,OtherModuleApi,1,1,3,3,13,3,0,0,1.0,0,2
AndroidUtilCode,com.blankj.utilcode.pkg.feature.api.other.export,ApiBean,1,1,1,1,6,1,0,0,0.0,2,0
AndroidUtilCode,com.blankj.utilcode.pkg.feature.api.other.pkg,OtherPkgApiImpl,0,0,2,2,12,2,0,0,-1.0,0,2
AndroidUtilCode,com.blankj.utilcode.pkg.feature.mvp,MvpActivity,0,0,4,4,19,4,0,0,-1.0,1,1
AndroidUtilCode,com.blankj.utilcode.pkg.feature.mvp,MvpModel,1,0,5,5,24,5,0,1,0.6,1,3
AndroidUtilCode,com.blankj.utilcode.pkg.feature.mvp,MvpMvp,0,0,4,0,15,4,3,0,-1.0,3,1
AndroidUtilCode,com.blankj.utilcode.pkg.feature.mvp,View,0,0,2,0,4,2,0,0,-1.0,2,0
AndroidUtilCode,com.blankj.utilcode.pkg.feature.mvp,Presenter,0,0,1,0,3,1,0,0,-1.0,0,0
AndroidUtilCode,com.blankj.utilcode.pkg.feature.mvp,Model,0,0,1,0,3,1,0,0,-1.0,0,1
AndroidUtilCode,com.blankj.utilcode.pkg.feature.mvp,MvpPresenter,0,0,3,3,22,5,0,1,-1.0,1,4
AndroidUtilCode,com.blankj.utilcode.pkg.feature.mvp,MvpView,3,0,7,6,50,8,0,1,0.7142857142857143,1,9
AndroidUtilCode,com.blankj.utilcode.pkg.feature.reflect,TestPrivateStaticFinal,1,1,0,0,6,0,0,0,-1.0,0,0
AndroidUtilCode,com.blankj.utilcode.pkg,UtilCodeApiImpl,0,0,2,2,13,3,0,0,-1.0,0,1
AndroidUtilCode,com.blankj.base,BaseActivity,3,2,4,3,30,5,0,1,0.75,0,1
AndroidUtilCode,com.blankj.base,BaseApplication,3,0,10,6,52,12,0,0,0.5,1,6
AndroidUtilCode,com.blankj.base,BaseFragment,9,0,16,15,119,27,0,1,0.1875,0,2
AndroidUtilCode,com.blankj.base,IBaseView,0,0,6,0,11,6,2,0,-1.0,0,0
AndroidUtilCode,com.blankj.base.dialog,BaseDialog,1,0,10,9,47,15,0,0,0.6,1,3
AndroidUtilCode,com.blankj.base.dialog,BaseDialogFragment,4,0,14,13,107,31,0,0,0.0,3,5
AndroidUtilCode,com.blankj.base.dialog,DialogCallback,0,0,2,0,7,2,0,0,-1.0,1,0
AndroidUtilCode,com.blankj.base.dialog,DialogLayoutCallback,0,0,6,0,11,6,0,0,-1.0,1,1
AndroidUtilCode,com.blankj.base.mvp,BaseModel,1,0,2,2,10,2,0,0,1.0,1,1
AndroidUtilCode,com.blankj.base.mvp,BasePresenter,4,0,6,5,49,9,0,0,0.3333333333333333,1,2
AndroidUtilCode,com.blankj.base.mvp,BaseView,5,1,10,8,77,19,0,0,0.0,2,1
AndroidUtilCode,com.blankj.base.rv,BaseItem,7,1,26,20,122,35,0,0,0.23076923076923078,0,4
AndroidUtilCode,com.blankj.base.rv,OnItemClickListener,0,0,1,0,3,1,0,0,-1.0,1,1
AndroidUtilCode,com.blankj.base.rv,OnItemLongClickListener,0,0,1,0,3,1,0,0,-1.0,1,1
AndroidUtilCode,com.blankj.base.rv,BaseItemAdapter,2,1,52,52,221,74,0,0,0.19230769230769232,4,1
AndroidUtilCode,com.blankj.base.rv,ItemViewHolder,1,0,4,4,23,5,0,0,0.5,10,0
AndroidUtilCode,com.blankj.base.rv,RecycleViewDivider,6,2,9,6,100,19,0,0,0.4444444444444444,3,0
AndroidUtilCode,com.blankj.base.view,EmptyGoneTextView,0,0,3,2,21,4,0,0,-1.0,0,1
AndroidUtilCode,com.blankj.common.activity,CommonActivity,6,1,28,27,178,46,0,0,0.21428571428571427,0,7
AndroidUtilCode,com.blankj.common.activity,CommonActivityDrawerView,4,3,5,4,37,7,0,0,0.6,1,2
AndroidUtilCode,com.blankj.common.activity,CommonActivityItemsView,4,3,5,5,31,5,0,0,0.4,2,2
AndroidUtilCode,com.blankj.common.activity,CommonActivityTitleView,7,7,9,8,63,12,0,0,0.5555555555555556,1,2
AndroidUtilCode,com.blankj.common,CommonApplication,0,0,1,1,8,1,0,0,-1.0,0,0
AndroidUtilCode,com.blankj.common.dialog,CommonDialogContent,7,0,9,9,78,19,0,0,0.8888888888888888,0,2
AndroidUtilCode,com.blankj.common.dialog,CommonDialogLoading,0,0,7,7,36,11,0,0,-1.0,1,2
AndroidUtilCode,com.blankj.common.fragment,CommonFragment,2,0,13,13,63,17,0,0,0.38461538461538464,0,3
AndroidUtilCode,com.blankj.common.item,CommonItem,1,0,4,4,19,4,5,0,0.5,0,1
AndroidUtilCode,com.blankj.common.item,CommonItemClick,3,0,22,22,94,25,0,1,0.7727272727272727,1,5
AndroidUtilCode,com.blankj.common.item,CommonItemImage,2,0,3,3,22,3,0,1,0.6666666666666666,0,3
AndroidUtilCode,com.blankj.common.item,CommonItemSeekBar,5,0,12,12,67,12,0,1,0.5,0,3
AndroidUtilCode,com.blankj.common.item,ProgressListener,0,0,3,3,7,3,0,0,-1.0,1,0
AndroidUtilCode,com.blankj.common.item,CommonItemSwitch,5,0,7,7,54,7,0,1,0.42857142857142855,0,4
AndroidUtilCode,com.blankj.common.item,CommonItemTitle,4,0,10,10,70,15,0,1,0.2,0,3
AndroidUtilCode,com.blankj.common.view,RotateView,1,0,5,3,35,7,0,0,0.8,0,0
AndroidUtilCode,com.blankj.subutil.util,AppStoreUtils,2,0,7,4,98,18,0,0,0.0,1,4
AndroidUtilCode,com.blankj.subutil.util,BatteryUtils,9,0,21,15,149,35,0,0,0.3333333333333333,1,7
AndroidUtilCode,com.blankj.subutil.util,BatteryChangedReceiver,2,0,8,4,55,18,0,0,0.0,3,5
AndroidUtilCode,com.blankj.subutil.util,LazyHolder,1,0,0,0,3,0,0,0,-1.0,2,1
AndroidUtilCode,com.blankj.subutil.util,OnBatteryStatusChangedListener,0,0,1,0,3,1,0,0,-1.0,2,1
AndroidUtilCode,com.blankj.subutil.util,Status,2,0,7,6,38,11,0,0,0.0,3,1
AndroidUtilCode,com.blankj.subutil.util,BitUtils,0,0,6,5,72,10,0,0,-1.0,1,1
AndroidUtilCode,com.blankj.subutil.util,CameraUtils,0,0,0,0,5,0,0,0,-1.0,0,0
AndroidUtilCode,com.blankj.subutil.util,CoordinateUtils,3,0,11,8,141,13,0,0,0.2727272727272727,2,1
AndroidUtilCode,com.blankj.subutil.util,CountryUtils,1,0,5,4,301,9,0,0,0.0,1,2
AndroidUtilCode,com.blankj.subutil.util,DangerousUtils,0,0,20,15,229,36,0,0,-1.0,1,4
AndroidUtilCode,com.blankj.subutil.util,HttpsUtil,2,0,5,4,107,11,0,0,0.0,1,1
AndroidUtilCode,com.blankj.subutil.util,LocationUtils,4,0,20,15,243,40,0,0,0.6,1,4
AndroidUtilCode,com.blankj.subutil.util,MyLocationListener,0,0,4,4,43,9,0,0,-1.0,1,0
AndroidUtilCode,com.blankj.subutil.util,OnLocationChangeListener,0,0,3,0,19,3,0,0,-1.0,1,0
AndroidUtilCode,com.blankj.subutil.util,LunarUtils,9,7,13,7,152,22,0,0,0.3076923076923077,2,3
AndroidUtilCode,com.blankj.subutil.util,Lunar,4,4,3,2,17,3,0,0,0.6666666666666666,1,0
AndroidUtilCode,com.blankj.subutil.util,Solar,3,3,3,2,15,3,0,0,0.6666666666666666,1,0
AndroidUtilCode,com.blankj.subutil.util,PinyinUtils,2,0,8,7,150,23,0,0,0.25,1,1
AndroidUtilCode,com.blankj.subutil.util,RetrofitUtils,0,0,0,0,5,0,0,0,-1.0,0,0
AndroidUtilCode,com.blankj.subutil.util,TemperatureUtils,0,0,6,6,23,6,0,0,-1.0,1,0
AndroidUtilCode,com.blankj.subutil.util,Utils,1,0,11,9,88,16,0,0,0.6363636363636364,9,1
AndroidUtilCode,com.blankj.subutil.util,ContentProvider4SubUtil,0,0,6,6,21,6,0,0,-1.0,0,1
AndroidUtilCode,com.blankj.subutil.util,BaseTest,0,0,2,2,11,2,0,0,-1.0,0,2
AndroidUtilCode,com.blankj.subutil.util,CoordinateUtilsTest,4,0,8,8,61,10,0,0,0.0,1,2
AndroidUtilCode,com.blankj.subutil.util,LunarUtilsTest,0,0,3,3,14,3,0,0,-1.0,0,1
AndroidUtilCode,com.blankj.subutil.util,TemperatureUtilsTest,1,0,6,6,24,6,0,0,0.0,0,1
AndroidUtilCode,com.blankj.subutil.util,TestConfig,4,1,0,0,16,0,0,0,-1.0,0,0
AndroidUtilCode,com.blankj.subutil.util.http,Chain,0,0,0,0,2,0,0,0,-1.0,1,0
AndroidUtilCode,com.blankj.subutil.util.http,ExecutorFactory,5,0,4,4,23,4,0,0,1.0,0,0
AndroidUtilCode,com.blankj.subutil.util.http,Headers,1,0,0,0,3,0,0,0,-1.0,0,0
AndroidUtilCode,com.blankj.subutil.util.http,HttpUtils,17,0,13,4,198,35,0,0,0.38461538461538464,3,5
AndroidUtilCode,com.blankj.subutil.util.http,Config,7,0,0,0,9,0,0,0,-1.0,1,1
AndroidUtilCode,com.blankj.subutil.util.http,Call,2,0,2,2,40,6,0,0,0.0,0,3
AndroidUtilCode,com.blankj.subutil.util.http,Interceptor,0,0,1,0,3,1,0,0,-1.0,0,1
AndroidUtilCode,com.blankj.subutil.util.http,Request,6,0,14,9,120,31,0,0,0.5,4,2
AndroidUtilCode,com.blankj.subutil.util.http,Body,3,0,8,5,79,22,0,0,0.25,2,2
AndroidUtilCode,com.blankj.subutil.util.http,Response,2,0,8,8,32,8,0,0,0.0,1,1
AndroidUtilCode,com.blankj.subutil.util.http,ResponseCallback,0,0,2,2,7,2,0,0,-1.0,2,1
AndroidUtilCode,com.blankj.subutil.util.http,SSLConfig,8,3,22,20,118,23,0,0,0.6363636363636364,3,1
AndroidUtilCode,com.blankj.subutil.util.http,DefaultSSLSocketFactory,3,0,20,18,99,21,0,0,0.55,0,0
AndroidUtilCode,com.blankj.subutil.util.http,HttpUtilsTest,1,0,0,0,6,0,0,0,-1.0,0,0
AndroidUtilCode,com.blankj.subutil.util.http,UserBean,4,0,8,8,33,8,0,0,0.5,0,0
AndroidUtilCode,com.blankj.utilcode.constant,CacheConstants,4,0,0,0,9,0,0,0,-1.0,0,0
AndroidUtilCode,com.blankj.utilcode.constant,MemoryConstants,4,4,0,0,10,0,0,0,-1.0,2,0
AndroidUtilCode,com.blankj.utilcode.constant,PermissionConstants,21,10,1,1,58,13,0,0,0.0,2,0
AndroidUtilCode,com.blankj.utilcode.constant,RegexConstants,25,25,0,0,105,0,0,0,-1.0,1,0
AndroidUtilCode,com.blankj.utilcode.constant,TimeConstants,5,5,0,0,11,0,0,0,-1.0,3,0
AndroidUtilCode,com.blankj.utilcode.util,ActivityUtils,0,0,135,120,1449,217,0,0,-1.0,8,3
AndroidUtilCode,com.blankj.utilcode.util,AdaptScreenUtils,1,0,15,7,132,24,0,0,0.26666666666666666,2,2
AndroidUtilCode,com.blankj.utilcode.util,ApiUtils,4,0,9,4,76,13,1,0,0.2222222222222222,8,3
AndroidUtilCode,com.blankj.utilcode.util,LazyHolder,1,0,0,0,3,0,0,0,-1.0,7,1
AndroidUtilCode,com.blankj.utilcode.util,BaseApi,0,0,0,0,2,0,0,0,-1.0,1,0
AndroidUtilCode,com.blankj.utilcode.util,AppUtils,9,0,82,79,799,140,0,0,0.25609756097560976,11,5
AndroidUtilCode,com.blankj.utilcode.util,AppInfo,9,0,20,20,82,20,0,0,0.0,1,0
AndroidUtilCode,com.blankj.utilcode.util,ArrayUtils,1,1,201,192,1644,491,0,0,0.5074626865671642,4,2
AndroidUtilCode,com.blankj.utilcode.util,Closure,0,0,1,0,3,1,0,0,-1.0,3,0
AndroidUtilCode,com.blankj.utilcode.util,BarUtils,3,0,49,38,555,102,0,0,0.5306122448979592,5,3
AndroidUtilCode,com.blankj.utilcode.util,BrightnessUtils,0,0,7,6,74,8,0,0,-1.0,1,2
AndroidUtilCode,com.blankj.utilcode.util,BusUtils,17,0,36,11,374,90,0,0,0.05555555555555555,5,4
AndroidUtilCode,com.blankj.utilcode.util,BusInfo,10,0,3,1,29,3,0,0,0.0,1,0
AndroidUtilCode,com.blankj.utilcode.util,LazyHolder,1,0,0,0,3,0,0,0,-1.0,0,1
AndroidUtilCode,com.blankj.utilcode.util,CacheDiskStaticUtils,1,0,74,73,662,74,0,0,0.33783783783783783,2,2
AndroidUtilCode,com.blankj.utilcode.util,CacheDiskUtils,25,0,70,46,660,114,0,0,0.11428571428571428,7,5
AndroidUtilCode,com.blankj.utilcode.util,DiskCacheManager,7,0,15,3,145,33,0,0,0.2,1,0
AndroidUtilCode,com.blankj.utilcode.util,DiskCacheHelper,1,0,7,0,50,10,0,0,0.2857142857142857,2,1
AndroidUtilCode,com.blankj.utilcode.util,CacheDoubleStaticUtils,1,0,76,75,673,76,0,0,0.32894736842105265,2,2
AndroidUtilCode,com.blankj.utilcode.util,CacheDoubleUtils,3,0,40,39,415,58,0,0,0.075,4,3
AndroidUtilCode,com.blankj.utilcode.util,CacheMemoryStaticUtils,1,0,16,15,137,16,0,0,0.25,2,2
AndroidUtilCode,com.blankj.utilcode.util,CacheMemoryUtils,6,0,13,11,125,19,0,0,0.23076923076923078,7,2
AndroidUtilCode,com.blankj.utilcode.util,CacheValue,2,0,1,0,8,1,0,0,0.0,1,0
AndroidUtilCode,com.blankj.utilcode.util,CleanUtils,0,0,9,8,63,9,0,0,-1.0,0,2
AndroidUtilCode,com.blankj.utilcode.util,ClickUtils,26,0,57,44,469,95,0,0,0.5964912280701754,14,8
AndroidUtilCode,com.blankj.utilcode.util,Back2HomeFriendlyListener,1,0,4,2,13,4,0,0,-1.0,2,2
AndroidUtilCode,com.blankj.utilcode.util,OnDebouncingClickListener,4,0,8,7,42,11,0,0,0.5,2,2
AndroidUtilCode,com.blankj.utilcode.util,OnMultiClickListener,5,0,5,5,41,9,0,0,0.4,0,0
AndroidUtilCode,com.blankj.utilcode.util,OnUtilsTouchListener,1,0,5,2,33,9,0,0,0.6,3,2
AndroidUtilCode,com.blankj.utilcode.util,LazyHolder,1,0,0,0,3,0,0,0,-1.0,0,1
AndroidUtilCode,com.blankj.utilcode.util,ClickDrawableWrapper,2,0,4,4,42,11,0,1,0.0,1,1
AndroidUtilCode,com.blankj.utilcode.util,ClipboardUtils,0,0,8,7,77,12,0,0,-1.0,0,1
AndroidUtilCode,com.blankj.utilcode.util,CloneUtils,0,0,2,1,24,2,0,0,-1.0,1,1
AndroidUtilCode,com.blankj.utilcode.util,CloseUtils,0,0,3,2,41,9,0,0,-1.0,0,0
AndroidUtilCode,com.blankj.utilcode.util,CollectionUtils,0,0,49,44,708,176,0,0,-1.0,6,4
AndroidUtilCode,com.blankj.utilcode.util,Closure,0,0,1,0,3,1,0,0,-1.0,0,0
AndroidUtilCode,com.blankj.utilcode.util,Transformer,0,0,1,0,3,1,0,0,-1.0,4,0
AndroidUtilCode,com.blankj.utilcode.util,Predicate,0,0,1,0,3,1,0,0,-1.0,1,0
AndroidUtilCode,com.blankj.utilcode.util,ColorUtils,0,0,16,15,149,19,0,0,-1.0,6,2
AndroidUtilCode,com.blankj.utilcode.util,ConvertUtils,3,0,56,53,633,111,0,0,0.6964285714285714,5,3
AndroidUtilCode,com.blankj.utilcode.util,CrashUtils,4,0,15,11,106,21,0,0,0.3333333333333333,2,5
AndroidUtilCode,com.blankj.utilcode.util,OnCrashListener,0,0,1,0,3,1,0,0,-1.0,1,1
AndroidUtilCode,com.blankj.utilcode.util,CrashInfo,2,0,5,4,21,5,0,0,0.0,2,1
AndroidUtilCode,com.blankj.utilcode.util,DebouncingUtils,3,0,5,3,60,11,0,0,0.6,2,1
AndroidUtilCode,com.blankj.utilcode.util,DeviceUtils,2,0,32,18,417,91,0,0,0.4375,2,4
AndroidUtilCode,com.blankj.utilcode.util,EncodeUtils,0,0,14,13,173,33,0,0,-1.0,4,1
AndroidUtilCode,com.blankj.utilcode.util,EncryptUtils,0,0,76,70,890,118,0,0,-1.0,3,2
AndroidUtilCode,com.blankj.utilcode.util,FileIOUtils,1,0,51,49,758,91,0,0,0.39215686274509803,3,3
AndroidUtilCode,com.blankj.utilcode.util,OnProgressUpdateListener,0,0,1,0,3,1,0,0,-1.0,1,0
AndroidUtilCode,com.blankj.utilcode.util,FileUtils,1,0,96,81,1185,222,0,0,0.2916666666666667,14,4
AndroidUtilCode,com.blankj.utilcode.util,OnReplaceListener,0,0,1,0,3,1,0,0,-1.0,1,0
AndroidUtilCode,com.blankj.utilcode.util,FlashlightUtils,2,0,6,4,79,14,0,0,0.5,1,2
AndroidUtilCode,com.blankj.utilcode.util,FragmentUtils,17,0,110,95,1229,179,0,0,0.21818181818181817,1,2
AndroidUtilCode,com.blankj.utilcode.util,Args,4,0,2,0,15,2,0,0,0.0,1,0
AndroidUtilCode,com.blankj.utilcode.util,FragmentNode,2,0,4,4,17,4,0,0,0.0,0,0
AndroidUtilCode,com.blankj.utilcode.util,OnBackClickListener,0,0,1,0,3,1,0,0,-1.0,0,0
AndroidUtilCode,com.blankj.utilcode.util,GsonUtils,4,0,24,21,214,29,0,0,0.5,4,1
AndroidUtilCode,com.blankj.utilcode.util,ImageUtils,1,0,116,105,1788,230,0,0,0.35344827586206895,10,3
AndroidUtilCode,com.blankj.utilcode.util,IntentUtils,0,0,33,31,351,46,0,0,-1.0,3,3
AndroidUtilCode,com.blankj.utilcode.util,JsonUtils,7,0,31,28,175,44,0,0,0.1935483870967742,2,1
AndroidUtilCode,com.blankj.utilcode.util,KeyboardUtils,3,0,25,20,290,55,0,0,0.44,4,4
AndroidUtilCode,com.blankj.utilcode.util,OnSoftInputChangedListener,0,0,1,0,3,1,0,0,-1.0,1,0
AndroidUtilCode,com.blankj.utilcode.util,LanguageUtils,2,0,27,14,253,50,0,0,0.2222222222222222,2,3
AndroidUtilCode,com.blankj.utilcode.util,LogUtils,55,6,114,75,1014,249,0,0,0.21052631578947367,9,11
AndroidUtilCode,com.blankj.utilcode.util,Config,22,0,43,42,209,52,0,0,0.06976744186046512,4,7
AndroidUtilCode,com.blankj.utilcode.util,IFormatter,0,0,1,1,3,1,0,0,-1.0,2,0
AndroidUtilCode,com.blankj.utilcode.util,IFileWriter,0,0,1,0,3,1,0,0,-1.0,2,0
AndroidUtilCode,com.blankj.utilcode.util,OnConsoleOutputListener,0,0,1,0,3,1,0,0,-1.0,2,0
AndroidUtilCode,com.blankj.utilcode.util,OnFileOutputListener,0,0,1,0,3,1,0,0,-1.0,2,0
AndroidUtilCode,com.blankj.utilcode.util,TagHead,3,0,1,0,10,1,0,0,0.0,1,0
AndroidUtilCode,com.blankj.utilcode.util,LogFormatter,0,0,9,0,261,63,0,0,-1.0,2,4
AndroidUtilCode,com.blankj.utilcode.util,MapUtils,0,0,15,12,140,33,0,0,-1.0,3,3
AndroidUtilCode,com.blankj.utilcode.util,Closure,0,0,1,0,3,1,0,0,-1.0,0,0
AndroidUtilCode,com.blankj.utilcode.util,Transformer,0,0,1,0,3,1,0,0,-1.0,0,0
AndroidUtilCode,com.blankj.utilcode.util,MessengerUtils,16,0,23,13,296,59,0,0,0.13043478260869565,2,7
AndroidUtilCode,com.blankj.utilcode.util,Client,6,0,9,3,119,20,0,0,0.2222222222222222,1,4
AndroidUtilCode,com.blankj.utilcode.util,ServerService,3,0,5,3,69,16,0,0,0.0,1,3
AndroidUtilCode,com.blankj.utilcode.util,MessageCallback,0,0,1,0,3,1,0,0,-1.0,3,0
AndroidUtilCode,com.blankj.utilcode.util,MetaDataUtils,0,0,8,7,110,8,0,0,-1.0,1,2
AndroidUtilCode,com.blankj.utilcode.util,NetworkUtils,9,0,74,59,703,171,0,0,0.5405405405405406,2,8
AndroidUtilCode,com.blankj.utilcode.util,NetworkChangedReceiver,3,0,8,4,64,24,0,0,0.0,3,6
AndroidUtilCode,com.blankj.utilcode.util,LazyHolder,1,0,0,0,3,0,0,0,-1.0,0,1
AndroidUtilCode,com.blankj.utilcode.util,OnNetworkStatusChangedListener,0,0,2,0,4,2,0,0,-1.0,2,0
AndroidUtilCode,com.blankj.utilcode.util,WifiScanResults,2,0,5,4,33,9,0,0,0.4,2,1
AndroidUtilCode,com.blankj.utilcode.util,NotificationUtils,8,7,23,22,220,38,0,0,0.391304347826087,4,3
AndroidUtilCode,com.blankj.utilcode.util,ChannelConfig,2,1,12,12,105,23,0,0,0.0,2,1
AndroidUtilCode,com.blankj.utilcode.util,NumberUtils,1,0,16,14,157,16,0,0,0.5625,2,1
AndroidUtilCode,com.blankj.utilcode.util,ObjectUtils,0,0,33,32,203,53,0,0,-1.0,2,1
AndroidUtilCode,com.blankj.utilcode.util,PathUtils,1,0,44,41,378,88,0,0,0.11363636363636363,4,3
AndroidUtilCode,com.blankj.utilcode.util,PermissionUtils,21,0,50,27,477,103,0,0,0.38,5,13
AndroidUtilCode,com.blankj.utilcode.util,PermissionActivityImpl,6,0,11,9,121,30,0,1,0.45454545454545453,2,5
AndroidUtilCode,com.blankj.utilcode.util,OnExplainListener,0,0,2,0,6,2,0,0,-1.0,2,2
AndroidUtilCode,com.blankj.utilcode.util,ShouldRequest,0,0,1,0,3,1,0,0,-1.0,3,0
AndroidUtilCode,com.blankj.utilcode.util,OnRationaleListener,0,0,2,0,6,2,0,0,-1.0,1,2
AndroidUtilCode,com.blankj.utilcode.util,ShouldRequest,0,0,1,0,3,1,0,0,-1.0,0,0
AndroidUtilCode,com.blankj.utilcode.util,SingleCallback,0,0,1,0,3,1,0,0,-1.0,1,0
AndroidUtilCode,com.blankj.utilcode.util,SimpleCallback,0,0,2,0,4,2,0,0,-1.0,1,0
AndroidUtilCode,com.blankj.utilcode.util,FullCallback,0,0,2,0,4,2,0,0,-1.0,1,0
AndroidUtilCode,com.blankj.utilcode.util,ThemeCallback,0,0,1,0,3,1,0,0,-1.0,1,0
AndroidUtilCode,com.blankj.utilcode.util,PhoneUtils,0,0,18,14,253,53,0,0,-1.0,1,3
AndroidUtilCode,com.blankj.utilcode.util,ProcessUtils,0,0,10,6,195,41,0,0,-1.0,3,2
AndroidUtilCode,com.blankj.utilcode.util,ReflectUtils,3,0,41,21,467,98,0,0,0.24390243902439024,3,1
AndroidUtilCode,com.blankj.utilcode.util,NULL,0,0,0,0,2,0,0,0,-1.0,0,0
AndroidUtilCode,com.blankj.utilcode.util,ReflectException,1,0,3,3,12,3,0,0,1.0,0,0
AndroidUtilCode,com.blankj.utilcode.util,RegexUtils,1,0,23,22,271,39,0,0,0.34782608695652173,2,3
AndroidUtilCode,com.blankj.utilcode.util,ResourceUtils,1,0,22,21,239,28,0,0,0.8181818181818182,1,3
AndroidUtilCode,com.blankj.utilcode.util,RomUtils,33,0,33,24,397,68,0,0,0.06060606060606061,4,2
AndroidUtilCode,com.blankj.utilcode.util,RomInfo,2,0,3,3,13,3,0,0,0.0,1,0
AndroidUtilCode,com.blankj.utilcode.util,ScreenUtils,0,0,27,26,266,40,0,0,-1.0,5,3
AndroidUtilCode,com.blankj.utilcode.util,SDCardUtils,5,0,16,14,163,25,0,0,0.375,3,3
AndroidUtilCode,com.blankj.utilcode.util,SDCardInfo,5,0,7,6,32,7,0,0,0.0,0,2
AndroidUtilCode,com.blankj.utilcode.util,ServiceUtils,0,0,14,13,166,20,0,0,-1.0,2,2
AndroidUtilCode,com.blankj.utilcode.util,ShadowUtils,32,0,75,58,500,109,1,0,0.2,4,3
AndroidUtilCode,com.blankj.utilcode.util,Config,10,0,15,9,91,23,0,0,0.4666666666666667,0,0
AndroidUtilCode,com.blankj.utilcode.util,ShadowDrawable,20,0,23,14,270,43,0,1,0.08695652173913043,2,1
AndroidUtilCode,com.blankj.utilcode.util,DrawableWrapper,1,0,35,33,114,37,1,0,0.11428571428571428,0,0
AndroidUtilCode,com.blankj.utilcode.util,ShellUtils,4,3,21,20,277,33,0,0,0.7619047619047619,7,3
AndroidUtilCode,com.blankj.utilcode.util,CommandResult,3,3,2,2,16,2,0,0,0.0,0,0
AndroidUtilCode,com.blankj.utilcode.util,SizeUtils,0,0,12,10,124,22,0,0,-1.0,7,2
AndroidUtilCode,com.blankj.utilcode.util,OnGetSizeListener,0,0,1,0,3,1,0,0,-1.0,1,0
AndroidUtilCode,com.blankj.utilcode.util,SnackbarUtils,19,3,24,21,299,45,0,0,0.0,1,1
AndroidUtilCode,com.blankj.utilcode.util,SpanUtils,91,4,93,68,1059,163,0,0,0.06451612903225806,2,2
AndroidUtilCode,com.blankj.utilcode.util,VerticalAlignSpan,3,0,3,2,17,3,0,0,1.0,0,0
AndroidUtilCode,com.blankj.utilcode.util,CustomLineHeightSpan,5,0,2,1,57,10,0,0,0.0,0,0
AndroidUtilCode,com.blankj.utilcode.util,SpaceSpan,2,0,4,2,19,4,0,0,0.0,0,0
AndroidUtilCode,com.blankj.utilcode.util,CustomQuoteSpan,3,0,3,2,23,3,0,0,0.0,0,0
AndroidUtilCode,com.blankj.utilcode.util,CustomBulletSpan,4,0,3,2,38,6,0,0,0.0,0,0
AndroidUtilCode,com.blankj.utilcode.util,CustomTypefaceSpan,1,0,4,2,32,7,0,0,0.0,0,0
AndroidUtilCode,com.blankj.utilcode.util,CustomImageSpan,3,0,5,1,54,8,0,1,0.0,0,1
AndroidUtilCode,com.blankj.utilcode.util,CustomDynamicDrawableSpan,6,0,6,3,78,16,1,0,0.0,0,0
AndroidUtilCode,com.blankj.utilcode.util,ShaderSpan,1,0,2,1,9,2,0,0,0.0,0,0
AndroidUtilCode,com.blankj.utilcode.util,ShadowSpan,4,0,2,1,14,2,0,0,0.0,0,0
AndroidUtilCode,com.blankj.utilcode.util,SerializableSpannableStringBuilder,1,0,0,0,3,0,0,0,-1.0,1,0
AndroidUtilCode,com.blankj.utilcode.util,SPStaticUtils,1,0,62,61,540,62,0,0,0.3225806451612903,1,2
AndroidUtilCode,com.blankj.utilcode.util,SPUtils,2,0,37,34,352,51,0,0,0.16216216216216217,8,2
AndroidUtilCode,com.blankj.utilcode.util,StringUtils,0,0,17,16,223,42,0,0,-1.0,18,1
AndroidUtilCode,com.blankj.utilcode.util,ThreadUtils,36,0,113,92,1003,160,3,0,0.2831858407079646,19,5
AndroidUtilCode,com.blankj.utilcode.util,ThreadPoolExecutor4Util,2,0,5,1,44,10,0,0,0.4,2,1
AndroidUtilCode,com.blankj.utilcode.util,LinkedBlockingQueue4Util,2,0,4,1,23,6,0,0,0.5,2,1
AndroidUtilCode,com.blankj.utilcode.util,UtilsThreadFactory,5,0,5,3,37,5,0,0,0.6,0,0
AndroidUtilCode,com.blankj.utilcode.util,SimpleTask,0,0,2,2,8,2,0,1,-1.0,0,0
AndroidUtilCode,com.blankj.utilcode.util,Task,14,0,21,16,154,41,1,0,0.09523809523809523,1,2
AndroidUtilCode,com.blankj.utilcode.util,OnTimeoutListener,0,0,1,0,3,1,0,0,-1.0,2,0
AndroidUtilCode,com.blankj.utilcode.util,SyncValue,3,0,3,3,34,6,0,0,0.0,0,0
AndroidUtilCode,com.blankj.utilcode.util,ThrowableUtils,1,0,4,1,72,14,0,0,0.5,2,1
AndroidUtilCode,com.blankj.utilcode.util,TimeUtils,4,0,107,100,994,120,0,0,0.22429906542056074,5,3
AndroidUtilCode,com.blankj.utilcode.util,ToastUtils,29,0,77,50,707,133,0,0,0.2987012987012987,12,6
AndroidUtilCode,com.blankj.utilcode.util,SystemToast,1,0,5,3,40,7,0,2,0.6,2,1
AndroidUtilCode,com.blankj.utilcode.util,SafeHandler,1,0,3,2,17,3,0,0,0.0,0,0
AndroidUtilCode,com.blankj.utilcode.util,WindowManagerToast,2,0,5,3,61,10,0,2,0.0,2,3
AndroidUtilCode,com.blankj.utilcode.util,ActivityToast,3,0,11,4,117,27,0,2,0.18181818181818182,0,6
AndroidUtilCode,com.blankj.utilcode.util,AbsToast,3,0,7,3,80,19,3,1,0.0,0,3
AndroidUtilCode,com.blankj.utilcode.util,IToast,0,0,4,0,6,4,1,0,-1.0,2,0
AndroidUtilCode,com.blankj.utilcode.util,UtilsMaxWidthRelativeLayout,1,0,4,3,16,4,0,0,1.0,0,1
AndroidUtilCode,com.blankj.utilcode.util,TouchUtils,19,5,11,9,150,33,0,0,0.5454545454545454,2,1
AndroidUtilCode,com.blankj.utilcode.util,OnTouchUtilsListener,14,0,9,8,130,30,0,0,0.0,1,0
AndroidUtilCode,com.blankj.utilcode.util,UiMessageUtils,9,0,17,12,217,41,0,0,0.35294117647058826,3,4
AndroidUtilCode,com.blankj.utilcode.util,UiMessage,1,0,5,3,18,5,0,0,0.0,2,0
AndroidUtilCode,com.blankj.utilcode.util,UiMessageCallback,0,0,1,0,3,1,0,0,-1.0,1,1
AndroidUtilCode,com.blankj.utilcode.util,LazyHolder,1,0,0,0,3,0,0,0,-1.0,0,1
AndroidUtilCode,com.blankj.utilcode.util,UriUtils,0,0,10,5,311,57,0,0,-1.0,3,3
AndroidUtilCode,com.blankj.utilcode.util,Utils,2,0,17,11,80,23,0,0,0.8823529411764706,66,4
AndroidUtilCode,com.blankj.utilcode.util,Task,1,0,2,2,11,3,0,1,0.0,0,2
AndroidUtilCode,com.blankj.utilcode.util,OnAppStatusChangedListener,0,0,2,0,4,2,0,0,-1.0,0,0
AndroidUtilCode,com.blankj.utilcode.util,ActivityLifecycleCallbacks,0,0,7,7,16,7,0,0,-1.0,0,0
AndroidUtilCode,com.blankj.utilcode.util,Consumer,0,0,1,0,3,1,0,0,-1.0,2,0
AndroidUtilCode,com.blankj.utilcode.util,Supplier,0,0,1,0,3,1,0,0,-1.0,0,0
AndroidUtilCode,com.blankj.utilcode.util,Func1,0,0,1,0,3,1,0,0,-1.0,0,0
AndroidUtilCode,com.blankj.utilcode.util,UtilsActivityLifecycleImpl,8,0,50,25,373,94,0,0,0.48,2,4
AndroidUtilCode,com.blankj.utilcode.util,UtilsBridge,3,0,122,2,409,129,0,0,0.9672131147540983,47,34
AndroidUtilCode,com.blankj.utilcode.util,FileHead,3,0,8,2,59,14,0,0,0.0,0,2
AndroidUtilCode,com.blankj.utilcode.util,UtilsFileProvider,0,0,1,1,9,1,0,0,-1.0,0,1
AndroidUtilCode,com.blankj.utilcode.util,UtilsTransActivity,2,0,26,17,131,40,2,0,0.6153846153846154,6,3
AndroidUtilCode,com.blankj.utilcode.util,TransActivityDelegate,0,0,11,11,25,11,0,0,-1.0,2,1
AndroidUtilCode,com.blankj.utilcode.util,UtilsTransActivity4MainProcess,0,0,4,4,17,4,0,1,-1.0,0,2
AndroidUtilCode,com.blankj.utilcode.util,VibrateUtils,1,0,5,3,42,9,0,0,0.4,1,2
AndroidUtilCode,com.blankj.utilcode.util,ViewUtils,0,0,7,7,90,19,0,0,-1.0,2,3
AndroidUtilCode,com.blankj.utilcode.util,VolumeUtils,0,0,4,4,49,5,0,0,-1.0,0,1
AndroidUtilCode,com.blankj.utilcode.util,ZipUtils,1,0,19,16,334,54,0,0,0.42105263157894735,2,2
AndroidUtilCode,com.blankj.utilcode.util,ApiUtilsTest,0,0,5,5,23,5,0,1,-1.0,0,3
AndroidUtilCode,com.blankj.utilcode.util,TestApiImpl,0,0,1,1,6,1,0,2,-1.0,1,1
AndroidUtilCode,com.blankj.utilcode.util,TestApi,0,0,1,1,3,1,1,1,-1.0,1,1
AndroidUtilCode,com.blankj.utilcode.util,ArrayUtilsTest,0,0,23,23,151,23,0,1,-1.0,0,1
AndroidUtilCode,com.blankj.utilcode.util,BaseTest,0,0,4,4,20,4,30,0,-1.0,1,4
AndroidUtilCode,com.blankj.utilcode.util,BusUtilsTest,8,0,28,27,193,29,0,1,0.39285714285714285,1,4
AndroidUtilCode,com.blankj.utilcode.util,Callback,0,0,1,0,3,1,0,0,-1.0,1,0
AndroidUtilCode,com.blankj.utilcode.util,BusUtilsVsEventBusTest,0,0,21,16,148,39,0,1,-1.0,1,4
AndroidUtilCode,com.blankj.utilcode.util,CompareCallback,0,0,3,0,5,3,0,0,-1.0,1,0
AndroidUtilCode,com.blankj.utilcode.util,CacheDiskStaticUtilsTest,20,1,31,28,238,31,0,1,0.16129032258064516,0,6
AndroidUtilCode,com.blankj.utilcode.util,ParcelableTest,3,1,11,9,43,11,0,0,0.36363636363636365,4,0
AndroidUtilCode,com.blankj.utilcode.util,SerializableTest,3,0,6,5,24,6,0,0,0.0,4,0
AndroidUtilCode,com.blankj.utilcode.util,CacheDiskUtilsTest,20,1,31,28,241,31,0,1,0.16129032258064516,0,5
AndroidUtilCode,com.blankj.utilcode.util,ParcelableTest,3,1,11,9,43,11,0,0,0.36363636363636365,0,0
AndroidUtilCode,com.blankj.utilcode.util,SerializableTest,3,0,6,5,24,6,0,0,0.0,0,0
AndroidUtilCode,com.blankj.utilcode.util,CacheDoubleStaticUtilsTest,19,1,32,29,201,32,0,1,0.3125,0,8
AndroidUtilCode,com.blankj.utilcode.util,ParcelableTest,3,1,11,9,43,11,0,0,0.36363636363636365,0,0
AndroidUtilCode,com.blankj.utilcode.util,SerializableTest,3,0,6,5,24,6,0,0,0.0,0,0
AndroidUtilCode,com.blankj.utilcode.util,CacheDoubleUtilsTest,19,1,32,29,202,32,0,1,0.15625,0,7
AndroidUtilCode,com.blankj.utilcode.util,ParcelableTest,3,1,11,9,43,11,0,0,0.36363636363636365,0,0
AndroidUtilCode,com.blankj.utilcode.util,SerializableTest,3,0,6,5,24,6,0,0,0.0,0,0
AndroidUtilCode,com.blankj.utilcode.util,CacheMemoryStaticUtilsTest,1,0,7,7,60,14,0,1,0.5714285714285714,0,2
AndroidUtilCode,com.blankj.utilcode.util,CacheMemoryUtilsTest,2,0,7,7,61,14,0,1,0.0,0,1
AndroidUtilCode,com.blankj.utilcode.util,CloneUtilsTest,6,0,6,3,41,8,0,1,0.3333333333333333,3,5
AndroidUtilCode,com.blankj.utilcode.util,Result,3,0,2,1,13,2,0,0,0.0,2,1
AndroidUtilCode,com.blankj.utilcode.util,Person,3,0,2,1,11,2,0,0,0.0,4,1
AndroidUtilCode,com.blankj.utilcode.util,CollectionUtilsTest,0,0,48,48,359,48,0,1,-1.0,0,1
AndroidUtilCode,com.blankj.utilcode.util,ColorUtilsTest,0,0,7,7,34,7,0,1,-1.0,0,1
AndroidUtilCode,com.blankj.utilcode.util,ConvertUtilsTest,4,0,10,10,46,10,0,1,0.8,0,3
AndroidUtilCode,com.blankj.utilcode.util,EncodeUtilsTest,0,0,4,4,29,4,0,1,-1.0,0,1
AndroidUtilCode,com.blankj.utilcode.util,EncryptUtilsTest,22,0,23,22,171,25,0,1,0.6086956521739131,0,3
AndroidUtilCode,com.blankj.utilcode.util,FileIOUtilsTest,0,0,10,10,60,14,0,1,-1.0,0,3
AndroidUtilCode,com.blankj.utilcode.util,FileUtilsTest,2,0,29,29,133,29,0,1,0.896551724137931,0,2
AndroidUtilCode,com.blankj.utilcode.util,GsonUtilsTest,6,0,6,4,44,6,0,1,1.0,0,3
AndroidUtilCode,com.blankj.utilcode.util,Result,3,0,1,0,10,1,0,0,0.0,0,0
AndroidUtilCode,com.blankj.utilcode.util,Person,3,0,1,0,8,1,0,0,0.0,0,0
AndroidUtilCode,com.blankj.utilcode.util,ImageUtilsTest,0,0,1,1,14,1,0,1,-1.0,0,2
AndroidUtilCode,com.blankj.utilcode.util,LogUtilsTest,9,0,20,18,150,24,0,1,0.85,2,3
AndroidUtilCode,com.blankj.utilcode.util,Person,3,0,4,3,20,6,0,0,0.5,0,2
AndroidUtilCode,com.blankj.utilcode.util,MapUtilsTest,0,0,13,13,57,13,0,1,-1.0,0,1
AndroidUtilCode,com.blankj.utilcode.util,NumberUtilsTest,0,0,2,2,25,2,0,0,-1.0,0,1
AndroidUtilCode,com.blankj.utilcode.util,ObjectUtilsTest,0,0,2,2,56,2,0,1,-1.0,0,1
AndroidUtilCode,com.blankj.utilcode.util,PathUtilsTest,0,0,1,1,14,1,0,1,-1.0,0,1
AndroidUtilCode,com.blankj.utilcode.util,RegexUtilsTest,0,0,16,16,84,16,0,1,-1.0,0,2
AndroidUtilCode,com.blankj.utilcode.util,StringUtilsTest,0,0,12,12,63,12,0,1,-1.0,0,1
AndroidUtilCode,com.blankj.utilcode.util,TestConfig,9,0,0,0,21,0,0,0,-1.0,1,0
AndroidUtilCode,com.blankj.utilcode.util,ThreadUtilsTest,4,0,69,51,434,146,0,1,0.8985507246376812,0,4
AndroidUtilCode,com.blankj.utilcode.util,TestScheduledTask,3,0,5,3,24,6,0,1,0.0,1,1
AndroidUtilCode,com.blankj.utilcode.util,TestTask,1,0,5,3,19,5,0,1,0.0,1,1
AndroidUtilCode,com.blankj.utilcode.util,TestRunnable,0,0,1,0,3,1,0,0,-1.0,1,0
AndroidUtilCode,com.blankj.utilcode.util,TimeUtilsTest,11,0,29,29,191,29,0,1,0.06896551724137931,0,2
AndroidUtilCode,com.blankj.utilcode.util,UiMessageUtilsTest,0,0,4,4,43,10,0,1,-1.0,0,1
AndroidUtilCode,com.blankj.utilcode.util,ZipUtilsTest,2,0,7,7,33,7,0,1,0.42857142857142855,0,2
AndroidUtilCode,com.blankj.utilcode.util.reflect,PrivateConstructors,1,1,2,0,12,2,0,0,1.0,1,0
AndroidUtilCode,com.blankj.utilcode.util.reflect,ReflectUtilsTest,3,1,27,27,271,27,0,0,0.9259259259259259,0,15
AndroidUtilCode,com.blankj.utilcode.util.reflect,Foo,1,0,0,0,3,0,0,0,-1.0,0,0
AndroidUtilCode,com.blankj.utilcode.util.reflect,MyMap,1,0,2,2,9,2,0,0,0.0,0,0
AndroidUtilCode,com.blankj.utilcode.util.reflect,Test1,6,6,0,0,11,0,0,0,-1.0,2,1
AndroidUtilCode,com.blankj.utilcode.util.reflect,Test10,0,0,7,0,12,7,0,0,-1.0,1,0
AndroidUtilCode,com.blankj.utilcode.util.reflect,Test2,2,2,4,4,24,4,0,0,0.0,1,0
AndroidUtilCode,com.blankj.utilcode.util.reflect,Test3,2,2,4,4,24,4,0,0,0.0,1,0
AndroidUtilCode,com.blankj.utilcode.util.reflect,Test4,0,0,2,2,9,2,0,0,-1.0,1,0
AndroidUtilCode,com.blankj.utilcode.util.reflect,Test5,0,0,2,0,9,2,0,0,-1.0,1,0
AndroidUtilCode,com.blankj.utilcode.util.reflect,Test6,1,1,1,1,9,1,0,0,0.0,1,0
AndroidUtilCode,com.blankj.utilcode.util.reflect,Test7,2,2,4,0,20,4,0,0,0.0,1,0
AndroidUtilCode,com.blankj.utilcode.util.reflect,Test8,6,6,0,0,11,0,0,0,-1.0,2,1
AndroidUtilCode,com.blankj.utilcode.util.reflect,Test9,0,0,4,0,9,4,0,0,-1.0,1,0
AndroidUtilCode,com.blankj.utilcode.util.reflect,TestHierarchicalMethodsBase,6,4,4,2,23,4,1,0,0.5,1,0
AndroidUtilCode,com.blankj.utilcode.util.reflect,TestHierarchicalMethodsSubclass,6,4,2,0,17,2,0,1,0.0,1,0
AndroidUtilCode,com.blankj.utilcode.util.reflect,TestPrivateStaticFinal,2,0,0,0,7,0,0,0,-1.0,1,0
AndroidUtilCode,com.blankj.utildebug.base.drawable,PolygonDrawable,2,0,5,5,40,8,0,0,0.8,0,0
AndroidUtilCode,com.blankj.utildebug.base.rv,BaseItem,4,0,14,11,58,16,0,0,0.35714285714285715,0,2
AndroidUtilCode,com.blankj.utildebug.base.rv,BaseItemAdapter,2,1,45,45,193,65,0,0,0.15555555555555556,7,1
AndroidUtilCode,com.blankj.utildebug.base.rv,ItemViewHolder,1,0,4,4,23,5,0,0,0.5,8,0
AndroidUtilCode,com.blankj.utildebug.base.rv,RecycleViewDivider,6,2,9,6,100,19,0,0,0.4444444444444444,4,0
AndroidUtilCode,com.blankj.utildebug.base.view,BaseContentFloatView,13,0,37,26,257,61,0,1,0.2702702702702703,6,11
AndroidUtilCode,com.blankj.utildebug.base.view,BaseContentView,4,0,12,9,52,12,0,0,0.3333333333333333,1,2
AndroidUtilCode,com.blankj.utildebug.base.view,BaseFloatView,2,0,13,9,70,18,2,0,0.6923076923076923,1,5
AndroidUtilCode,com.blankj.utildebug.base.view,EmptyGoneTextView,0,0,3,2,21,4,0,0,-1.0,0,1
AndroidUtilCode,com.blankj.utildebug.base.view,FloatEditText,0,0,8,6,47,12,1,0,-1.0,0,3
AndroidUtilCode,com.blankj.utildebug.base.view,FloatToast,9,3,14,10,86,17,0,1,0.2857142857142857,6,2
AndroidUtilCode,com.blankj.utildebug.base.view,FloatViewManager,3,0,6,5,36,10,0,0,0.5,3,4
AndroidUtilCode,com.blankj.utildebug.base.view,LazyHolder,1,0,0,0,3,0,0,0,-1.0,1,1
AndroidUtilCode,com.blankj.utildebug.base.view,SearchEditText,4,0,8,5,49,10,0,1,0.625,2,3
AndroidUtilCode,com.blankj.utildebug.base.view,OnTextChangedListener,0,0,1,0,3,1,0,0,-1.0,1,0
AndroidUtilCode,com.blankj.utildebug.base.view,SwipeRightMenu,27,0,24,18,289,55,0,0,0.375,1,2
AndroidUtilCode,com.blankj.utildebug.base.view,MenuBean,5,0,8,8,33,8,0,0,0.375,1,0
AndroidUtilCode,com.blankj.utildebug.base.view.listener,OnBackListener,0,0,1,0,6,1,0,0,-1.0,0,0
AndroidUtilCode,com.blankj.utildebug.base.view.listener,OnRefreshListener,0,0,1,0,6,1,0,0,-1.0,2,1
AndroidUtilCode,com.blankj.utildebug.config,DebugConfig,3,0,16,15,86,22,0,0,0.0,5,3
AndroidUtilCode,com.blankj.utildebug.debug,IDebug,4,0,5,0,15,5,0,0,-1.0,2,0
AndroidUtilCode,com.blankj.utildebug.debug,IDebug,4,0,5,0,14,5,0,0,-1.0,0,0
AndroidUtilCode,com.blankj.utildebug.debug.tool,AbsToolDebug,0,0,2,2,17,2,0,0,-1.0,0,0
AndroidUtilCode,com.blankj.utildebug.debug.tool.appInfo,AppInfoDebug,0,0,4,4,19,5,0,0,-1.0,0,2
AndroidUtilCode,com.blankj.utildebug.debug.tool.appInfo,AppInfoFloatView,1,0,3,3,20,3,0,0,1.0,0,3
AndroidUtilCode,com.blankj.utildebug.debug.tool.appInfo,AppInfoItem,5,0,5,5,52,7,0,0,0.8,1,4
AndroidUtilCode,com.blankj.utildebug.debug.tool.clearCache,ClearCacheDebug,1,0,8,6,62,17,0,0,0.875,0,7
AndroidUtilCode,com.blankj.utildebug.debug.tool.clearStorage,ClearStorageDebug,0,0,4,4,16,4,0,0,-1.0,0,2
AndroidUtilCode,com.blankj.utildebug.debug.tool.deviceInfo,DeviceInfoDebug,0,0,4,4,17,4,0,0,-1.0,0,1
AndroidUtilCode,com.blankj.utildebug.debug.tool.deviceInfo,DeviceInfoFloatView,1,0,4,4,28,4,0,0,1.0,0,4
AndroidUtilCode,com.blankj.utildebug.debug.tool.deviceInfo,DeviceInfoItem,5,0,6,5,55,8,0,0,0.6666666666666666,2,8
AndroidUtilCode,com.blankj.utildebug.debug.tool.fileExplorer,FileContentView,5,0,8,8,58,10,0,0,0.5,2,6
AndroidUtilCode,com.blankj.utildebug.debug.tool.fileExplorer,FileExplorerDebug,0,0,4,4,17,4,0,0,-1.0,0,1
AndroidUtilCode,com.blankj.utildebug.debug.tool.fileExplorer,FileExplorerFloatView,0,0,3,3,14,3,0,0,-1.0,6,1
AndroidUtilCode,com.blankj.utildebug.debug.tool.fileExplorer,FileItem,10,0,20,19,193,43,0,0,0.4,2,20
AndroidUtilCode,com.blankj.utildebug.debug.tool.fileExplorer.image,ImageViewer,2,0,4,4,20,4,0,0,0.75,1,2
AndroidUtilCode,com.blankj.utildebug.debug.tool.fileExplorer.sp,SpItem,10,0,9,9,97,14,0,0,0.4444444444444444,1,11
AndroidUtilCode,com.blankj.utildebug.debug.tool.fileExplorer.sp,SpModifyContentView,8,0,6,6,53,8,0,0,0.6666666666666666,1,7
AndroidUtilCode,com.blankj.utildebug.debug.tool.fileExplorer.sp,SpViewerContentView,8,0,6,6,53,6,0,0,0.5,1,8
AndroidUtilCode,com.blankj.utildebug.debug.tool.fileExplorer.text,TextViewer,0,0,0,0,5,0,0,0,-1.0,0,0
AndroidUtilCode,com.blankj.utildebug.debug.tool.logcat,LogcatDebug,0,0,4,4,16,4,0,0,-1.0,0,1
AndroidUtilCode,com.blankj.utildebug.debug.tool.restartApp,RestartAppDebug,0,0,4,4,16,4,0,0,-1.0,0,1
AndroidUtilCode,com.blankj.utildebug,DebugUtils,3,0,11,10,54,14,0,0,0.9090909090909091,4,4
AndroidUtilCode,com.blankj.utildebug,ActivityLifecycleImpl,3,0,7,7,31,10,0,0,0.8571428571428571,2,2
AndroidUtilCode,com.blankj.utildebug,DebugUtils,0,0,3,2,12,3,0,0,-1.0,0,0
AndroidUtilCode,com.blankj.utildebug.helper,FileHelper,4,4,2,2,31,8,0,0,1.0,2,4
AndroidUtilCode,com.blankj.utildebug.helper,ImageLoader,0,0,5,5,25,6,0,0,-1.0,2,4
AndroidUtilCode,com.blankj.utildebug.helper,ShadowHelper,0,0,3,3,14,3,0,0,-1.0,3,2
AndroidUtilCode,com.blankj.utildebug.helper,SpHelper,0,0,2,2,65,14,0,0,-1.0,2,1
AndroidUtilCode,com.blankj.utildebug.helper,WindowHelper,1,0,4,3,20,5,0,0,0.75,3,3
AndroidUtilCode,com.blankj.utildebug.icon,DebugIcon,7,0,20,13,113,25,0,0,0.5,4,9
AndroidUtilCode,com.blankj.utildebug.menu,DebugItem,4,0,6,4,39,6,0,0,0.6666666666666666,1,6
AndroidUtilCode,com.blankj.utildebug.menu,DebugMenu,4,0,8,6,47,11,0,0,0.75,7,5
AndroidUtilCode,com.blankj.utildebug.menu,DebugMenuItem,2,0,4,2,52,11,0,0,0.5,2,7
AndroidUtilCode,com.blankj.utildebug.menu,ReminderView,1,0,4,4,21,5,0,0,0.75,0,1
AndroidUtilCode,com.blankj.api,ApiClassVisitor,7,0,5,5,58,11,0,0,0.0,0,1
AndroidUtilCode,com.blankj.api,ApiInfo,2,2,2,2,14,2,0,0,0.0,1,0
AndroidUtilCode,com.blankj.api,ApiUtilsClassVisitor,2,0,5,3,37,9,0,0,0.6,0,0
AndroidUtilCode,com.blankj.api,ApiTest,0,0,5,3,40,5,0,0,-1.0,1,4
AndroidUtilCode,com.blankj.api,TestApiImpl,0,0,1,1,6,1,0,2,-1.0,1,1
AndroidUtilCode,com.blankj.api,TestApi,0,0,1,1,3,1,1,1,-1.0,1,1
AndroidUtilCode,com.blankj.api,ApiUtils,4,0,8,3,70,11,1,0,0.25,5,3
AndroidUtilCode,com.blankj.api,LazyHolder,1,0,0,0,3,0,0,0,-1.0,1,1
AndroidUtilCode,com.blankj.api,BaseApi,0,0,0,0,2,0,0,0,-1.0,1,0
AndroidUtilCode,com.blankj.bus,BusClassVisitor,7,0,8,8,88,35,0,0,0.0,0,1
AndroidUtilCode,com.blankj.bus,BusInfo,9,9,4,4,36,4,0,0,0.0,3,0
AndroidUtilCode,com.blankj.bus,ParamsInfo,2,2,2,2,11,2,0,0,0.0,0,0
AndroidUtilCode,com.blankj.bus,BusUtilsClassVisitor,2,0,5,3,54,15,0,0,0.6,0,0
AndroidUtilCode,com.blankj.bus,BusTest,6,0,14,11,79,18,0,0,0.7142857142857143,1,4
AndroidUtilCode,com.blankj.bus,Callback,0,0,1,0,3,1,0,0,-1.0,1,0
AndroidUtilCode,com.blankj.bus,BusUtils,16,0,28,11,301,68,0,0,0.07142857142857142,3,3
AndroidUtilCode,com.blankj.bus,BusInfo,9,0,2,1,24,2,0,0,0.0,0,0
AndroidUtilCode,com.blankj.bus,LazyHolder,1,0,0,0,3,0,0,0,-1.0,1,1
AndroidUtilCode,com.blankj.base_transform.util,ZipUtils,1,0,23,16,361,64,0,0,0.17391304347826086,1,1
