Project Name,Package Name,Type Name,Method Name,Code Smell
dubbo-compatible,com.alibaba.dubbo.common,URL,URL,Long Statement
dubbo-compatible,com.alibaba.dubbo.common,URL,URL,Long Parameter List
dubbo-compatible,com.alibaba.dubbo.common,URL,URL,Long Parameter List
dubbo-compatible,com.alibaba.dubbo.common,URL,URL,Long Parameter List
dubbo-compatible,com.alibaba.dubbo.common,URL,URL,Long Parameter List
dubbo-compatible,com.alibaba.dubbo.common,URL,URL,Long Parameter List
dubbo-compatible,com.alibaba.dubbo.common,URL,setProtocol,Long Statement
dubbo-compatible,com.alibaba.dubbo.common,URL,setUsername,Long Statement
dubbo-compatible,com.alibaba.dubbo.common,URL,setPassword,Long Statement
dubbo-compatible,com.alibaba.dubbo.common,URL,setHost,Long Statement
dubbo-compatible,com.alibaba.dubbo.common,URL,setPort,Long Statement
dubbo-compatible,com.alibaba.dubbo.common,URL,setPath,Long Statement
dubbo-compatible,com.alibaba.dubbo.common,URL,getOriginalURL,Long Statement
dubbo-compatible,com.alibaba.dubbo.common.utils,UrlUtils,parseURLs,Long Statement
dubbo-compatible,com.alibaba.dubbo.config,ServiceConfig,getMonitor,Long Statement
dubbo-compatible,com.alibaba.dubbo.container.page,MenuComparator,compare,Long Statement
dubbo-compatible,com.alibaba.dubbo.container.page,Page,Page,Long Statement
dubbo-compatible,com.alibaba.dubbo.container.page,PageServlet,doPost,Complex Conditional
dubbo-compatible,com.alibaba.dubbo.container.page,PageServlet,doPost,Complex Method
dubbo-compatible,com.alibaba.dubbo.container.page,PageServlet,doPost,Long Method
dubbo-compatible,com.alibaba.dubbo.container.page,PageServlet,doPost,Long Statement
dubbo-compatible,com.alibaba.dubbo.container.page,PageServlet,doPost,Long Statement
dubbo-compatible,com.alibaba.dubbo.container.page,PageServlet,writeTable,Long Statement
dubbo-compatible,com.alibaba.dubbo.container.page,ResourceFilter,doFilter,Complex Method
dubbo-compatible,com.alibaba.dubbo.container.page,ResourceFilter,doFilter,Magic Number
dubbo-compatible,com.alibaba.dubbo.container.page,ResourceFilter,getInputStream,Empty catch clause
dubbo-compatible,com.alibaba.dubbo.container.page.pages,LogPageHandler,LogPageHandler,Empty catch clause
dubbo-compatible,com.alibaba.dubbo.container.page.pages,LogPageHandler,handle,Empty catch clause
dubbo-compatible,com.alibaba.dubbo.container.page.pages,LogPageHandler,handle,Long Statement
dubbo-compatible,com.alibaba.dubbo.container.page.pages,StatusPageHandler,handle,Long Statement
dubbo-compatible,com.alibaba.dubbo.container.page.pages,SystemPageHandler,handle,Long Statement
dubbo-compatible,com.alibaba.dubbo.container.page.pages,SystemPageHandler,formatUptime,Complex Method
dubbo-compatible,com.alibaba.dubbo.monitor,Monitor,lookup,Long Statement
dubbo-compatible,com.alibaba.dubbo.registry,Registry,subscribe,Long Statement
dubbo-compatible,com.alibaba.dubbo.registry,Registry,unsubscribe,Long Statement
dubbo-compatible,com.alibaba.dubbo.registry,Registry,lookup,Long Statement
dubbo-compatible,com.alibaba.dubbo.registry.support,AbstractRegistry,getRegistered,Long Statement
dubbo-compatible,com.alibaba.dubbo.registry.support,AbstractRegistry,getSubscribed,Long Statement
dubbo-compatible,com.alibaba.dubbo.registry.support,AbstractRegistry,getNotified,Long Statement
dubbo-compatible,com.alibaba.dubbo.registry.support,AbstractRegistry,getCacheUrls,Long Statement
dubbo-compatible,com.alibaba.dubbo.registry.support,AbstractRegistry,lookup,Long Statement
dubbo-compatible,com.alibaba.dubbo.registry.support,AbstractRegistry,notify,Long Statement
dubbo-compatible,com.alibaba.dubbo.registry.support,AbstractRegistry,subscribe,Long Statement
dubbo-compatible,com.alibaba.dubbo.registry.support,AbstractRegistry,unsubscribe,Long Statement
dubbo-compatible,com.alibaba.dubbo.registry.support,AbstractRegistry,subscribe,Long Statement
dubbo-compatible,com.alibaba.dubbo.registry.support,AbstractRegistry,unsubscribe,Long Statement
dubbo-compatible,com.alibaba.dubbo.registry.support,AbstractRegistry,convertToNotifyListeners,Long Statement
dubbo-compatible,com.alibaba.dubbo.registry.support,FailbackRegistry,removeFailedSubscribedTask,Long Statement
dubbo-compatible,com.alibaba.dubbo.registry.support,FailbackRegistry,removeFailedUnsubscribedTask,Long Statement
dubbo-compatible,com.alibaba.dubbo.registry.support,FailbackRegistry,subscribe,Long Statement
dubbo-compatible,com.alibaba.dubbo.registry.support,FailbackRegistry,unsubscribe,Long Statement
dubbo-compatible,com.alibaba.dubbo.registry.support,FailbackRegistry,notify,Long Statement
dubbo-compatible,com.alibaba.dubbo.registry.support,FailbackRegistry,doNotify,Long Statement
dubbo-compatible,com.alibaba.dubbo.registry.support,FailbackRegistry,doUnsubscribe,Long Statement
dubbo-compatible,com.alibaba.dubbo.registry.support,CompatibleFailbackRegistry,doUnsubscribe,Long Statement
dubbo-compatible,com.alibaba.dubbo.rpc.cluster,Directory,list,Long Statement
dubbo-compatible,com.alibaba.dubbo.rpc.cluster,LoadBalance,select,Long Statement
dubbo-compatible,com.alibaba.dubbo.rpc.cluster,LoadBalance,select,Long Statement
dubbo-compatible,com.alibaba.dubbo.rpc.cluster,Router,route,Long Statement
dubbo-compatible,com.alibaba.dubbo.rpc.cluster,Router,route,Long Statement
dubbo-compatible,com.alibaba.dubbo.rpc.cluster,RuleConverter,convert,Long Statement
dubbo-compatible,com.alibaba.dubbo.rpc.cluster.loadbalance,AbstractLoadBalance,getWeight,Long Statement
dubbo-compatible,com.alibaba.dubbo.rpc,RpcInvocation,RpcInvocation,Complex Method
dubbo-compatible,com.alibaba.dubbo.rpc,RpcInvocation,RpcInvocation,Long Statement
dubbo-compatible,com.alibaba.dubbo.rpc,RpcInvocation,RpcInvocation,Long Statement
dubbo-compatible,com.alibaba.dubbo.rpc,RpcInvocation,RpcInvocation,Long Parameter List
dubbo-compatible,com.alibaba.dubbo.rpc,RpcInvocation,toString,Long Statement
dubbo-compatible,org.apache.dubbo.cache,CacheTest,testCacheFactory,Long Statement
dubbo-compatible,org.apache.dubbo.common.extension,ExtensionTest,testLoadActivateExtension,Long Statement
dubbo-compatible,org.apache.dubbo.common.extension,ExtensionTest,testLoadActivateExtension,Magic Number
dubbo-compatible,org.apache.dubbo.common.extension.support,ActivateComparatorTest,testActivateComparator,Magic Number
dubbo-compatible,org.apache.dubbo.common.extension.support,ActivateComparatorTest,testActivateComparator,Magic Number
dubbo-compatible,org.apache.dubbo.common.extension.support,ActivateComparatorTest,testActivateComparator,Magic Number
dubbo-compatible,org.apache.dubbo.common.utils,AnnotationUtilsTest,testGetAttributesMap,Magic Number
dubbo-compatible,org.apache.dubbo.common.utils,AnnotationUtilsTest,testGetAllDeclaredAnnotations,Magic Number
dubbo-compatible,org.apache.dubbo.common.utils,AnnotationUtilsTest,testGetMetaAnnotations,Magic Number
dubbo-compatible,org.apache.dubbo.common.utils,AnnotationUtilsTest,testGetAllMetaAnnotations,Magic Number
dubbo-compatible,org.apache.dubbo.common.utils,AnnotationUtilsTest,testGetAllMetaAnnotations,Magic Number
dubbo-compatible,org.apache.dubbo.common.utils,AnnotationUtilsTest,testIsAnnotationPresent,Long Statement
dubbo-compatible,org.apache.dubbo.common.utils,AnnotationUtilsTest,testIsAnyAnnotationPresent,Long Statement
dubbo-compatible,org.apache.dubbo.common.utils,AnnotationUtilsTest,assertADeclaredAnnotations,Magic Number
dubbo-compatible,org.apache.dubbo.config,ApplicationConfigTest,testQosPort,Magic Number
dubbo-compatible,org.apache.dubbo.config,ApplicationConfigTest,testQosPort,Magic Number
dubbo-compatible,org.apache.dubbo.config,ConfigTest,testConfig,Long Statement
dubbo-compatible,org.apache.dubbo.config,ConsumerConfigTest,testTimeout,Magic Number
dubbo-compatible,org.apache.dubbo.config,ConsumerConfigTest,testTimeout,Magic Number
dubbo-compatible,org.apache.dubbo.config,MethodConfigTest,testStat,Magic Number
dubbo-compatible,org.apache.dubbo.config,MethodConfigTest,testStat,Magic Number
dubbo-compatible,org.apache.dubbo.config,MethodConfigTest,testExecutes,Magic Number
dubbo-compatible,org.apache.dubbo.config,MethodConfigTest,testExecutes,Magic Number
dubbo-compatible,org.apache.dubbo.config,ProtocolConfigTest,testPort,Magic Number
dubbo-compatible,org.apache.dubbo.config,ProtocolConfigTest,testPort,Magic Number
dubbo-compatible,org.apache.dubbo.config,ProtocolConfigTest,testThreads,Magic Number
dubbo-compatible,org.apache.dubbo.config,ProtocolConfigTest,testThreads,Magic Number
dubbo-compatible,org.apache.dubbo.config,ProtocolConfigTest,testIothreads,Magic Number
dubbo-compatible,org.apache.dubbo.config,ProtocolConfigTest,testIothreads,Magic Number
dubbo-compatible,org.apache.dubbo.config,ProtocolConfigTest,testQueues,Magic Number
dubbo-compatible,org.apache.dubbo.config,ProtocolConfigTest,testQueues,Magic Number
dubbo-compatible,org.apache.dubbo.config,ProtocolConfigTest,testAccepts,Magic Number
dubbo-compatible,org.apache.dubbo.config,ProtocolConfigTest,testAccepts,Magic Number
dubbo-compatible,org.apache.dubbo.config,ProviderConfigTest,testPort,Magic Number
dubbo-compatible,org.apache.dubbo.config,ProviderConfigTest,testPort,Magic Number
dubbo-compatible,org.apache.dubbo.config,ProviderConfigTest,testThreads,Magic Number
dubbo-compatible,org.apache.dubbo.config,ProviderConfigTest,testThreads,Magic Number
dubbo-compatible,org.apache.dubbo.config,ProviderConfigTest,testIothreads,Magic Number
dubbo-compatible,org.apache.dubbo.config,ProviderConfigTest,testIothreads,Magic Number
dubbo-compatible,org.apache.dubbo.config,ProviderConfigTest,testQueues,Magic Number
dubbo-compatible,org.apache.dubbo.config,ProviderConfigTest,testQueues,Magic Number
dubbo-compatible,org.apache.dubbo.config,ProviderConfigTest,testAccepts,Magic Number
dubbo-compatible,org.apache.dubbo.config,ProviderConfigTest,testAccepts,Magic Number
dubbo-compatible,org.apache.dubbo.config,ProviderConfigTest,testPayload,Magic Number
dubbo-compatible,org.apache.dubbo.config,ProviderConfigTest,testPayload,Magic Number
dubbo-compatible,org.apache.dubbo.config,ProviderConfigTest,testBuffer,Magic Number
dubbo-compatible,org.apache.dubbo.config,ProviderConfigTest,testBuffer,Magic Number
dubbo-compatible,org.apache.dubbo.config,ProviderConfigTest,testWait,Magic Number
dubbo-compatible,org.apache.dubbo.config,ProviderConfigTest,testWait,Magic Number
dubbo-compatible,org.apache.dubbo.config,ReferenceConfigTest,testInjvm,Long Statement
dubbo-compatible,org.apache.dubbo.config,RegistryConfigTest,testWait,Magic Number
dubbo-compatible,org.apache.dubbo.config,RegistryConfigTest,testWait,Magic Number
dubbo-compatible,org.apache.dubbo.config,RegistryConfigTest,testTimeout,Magic Number
dubbo-compatible,org.apache.dubbo.config,RegistryConfigTest,testTimeout,Magic Number
dubbo-compatible,org.apache.dubbo.config,RegistryConfigTest,testSession,Magic Number
dubbo-compatible,org.apache.dubbo.config,RegistryConfigTest,testSession,Magic Number
dubbo-compatible,org.apache.dubbo.config,SignatureTest,test,Long Statement
dubbo-compatible,org.apache.dubbo.config,SignatureTest,test,Long Statement
dubbo-compatible,org.apache.dubbo.config.spring.beans.factory.annotation,ServiceAnnotationTestConfiguration,protocolConfig,Magic Number
dubbo-compatible,org.apache.dubbo.config.spring.context.annotation,DubboConfigConfigurationTest,testSingle,Magic Number
dubbo-compatible,org.apache.dubbo.config.spring.context.annotation,DubboConfigConfigurationTest,testMultiple,Magic Number
dubbo-compatible,org.apache.dubbo.config.spring.context.annotation,DubboConfigConfigurationTest,testMultiple,Magic Number
dubbo-compatible,org.apache.dubbo.config.spring.context.annotation,EnableDubboConfigTest,testSingle,Magic Number
dubbo-compatible,org.apache.dubbo.config.spring.context.annotation,EnableDubboConfigTest,testMultiple,Magic Number
dubbo-compatible,org.apache.dubbo.config.spring.context.annotation,EnableDubboConfigTest,testMultiple,Magic Number
dubbo-compatible,org.apache.dubbo.config.spring.context.annotation,EnableDubboConfigTest,testMultiple,Magic Number
dubbo-compatible,org.apache.dubbo.config.spring.context.annotation.provider,ProviderConfiguration,protocolConfig,Magic Number
dubbo-compatible,org.apache.dubbo.echo,EchoServiceTest,testEcho,Long Statement
dubbo-compatible,org.apache.dubbo.filter,FilterTest,testDefault,Long Statement
dubbo-compatible,org.apache.dubbo.filter,FilterTest,testRecreate,Long Statement
dubbo-compatible,org.apache.dubbo.filter,FilterTest,tear,Magic Number
dubbo-compatible,org.apache.dubbo.generic,GenericServiceTest,testGeneric,Long Statement
dubbo-compatible,org.apache.dubbo.generic,GenericServiceTest,testGeneric2,Long Statement
dubbo-compatible,org.apache.dubbo.generic,GenericServiceTest,testGenericCompatible,Long Statement
dubbo-compatible,org.apache.dubbo.generic,GenericServiceTest,testGenericComplexCompute4FullServiceMetadata,Long Statement
dubbo-compatible,org.apache.dubbo.generic,GenericServiceTest,testGenericComplexCompute4FullServiceMetadata,Long Statement
dubbo-compatible,org.apache.dubbo.generic,GenericServiceTest,testGenericComplexCompute4FullServiceMetadata,Magic Number
dubbo-compatible,org.apache.dubbo.generic,GenericServiceTest,testGenericComplexCompute4FullServiceMetadata,Magic Number
dubbo-compatible,org.apache.dubbo.generic,GenericServiceTest,testGenericComplexCompute4FullServiceMetadata,Magic Number
dubbo-compatible,org.apache.dubbo.generic,GenericServiceTest,testGenericComplexCompute4FullServiceMetadata,Magic Number
dubbo-compatible,org.apache.dubbo.generic,GenericServiceTest,testGenericComplexCompute4FullServiceMetadata,Magic Number
dubbo-compatible,org.apache.dubbo.generic,GenericServiceTest,testGenericFindComplexObject4FullServiceMetadata,Long Statement
dubbo-compatible,org.apache.dubbo.generic,GenericServiceTest,testGenericFindComplexObject4FullServiceMetadata,Long Statement
dubbo-compatible,org.apache.dubbo.generic,GenericServiceTest,testGenericFindComplexObject4FullServiceMetadata,Magic Number
dubbo-compatible,org.apache.dubbo.generic,GenericServiceTest,testGenericFindComplexObject4FullServiceMetadata,Magic Number
dubbo-compatible,org.apache.dubbo.generic,GenericServiceTest,testGenericFindComplexObject4FullServiceMetadata,Magic Number
dubbo-compatible,org.apache.dubbo.generic,GenericServiceTest,testGenericFindComplexObject4FullServiceMetadata,Magic Number
dubbo-compatible,org.apache.dubbo.generic,GenericServiceTest,testGenericFindComplexObject4FullServiceMetadata,Magic Number
dubbo-compatible,org.apache.dubbo.generic,GenericServiceTest,createComplexObject,Long Parameter List
dubbo-compatible,org.apache.dubbo.generic,GenericServiceTest,createComplexObject,Long Statement
dubbo-compatible,org.apache.dubbo.generic,GenericServiceTest,createComplexObject,Long Statement
dubbo-compatible,org.apache.dubbo.generic,GenericServiceTest,createComplexObject,Long Statement
dubbo-compatible,org.apache.dubbo.generic,GenericServiceTest,createComplexObject,Long Statement
dubbo-compatible,org.apache.dubbo.generic,GenericServiceTest,createComplexObject,Long Statement
dubbo-compatible,org.apache.dubbo.generic,GenericServiceTest,createComplexObject,Magic Number
dubbo-compatible,org.apache.dubbo.generic,GenericServiceTest,createComplexObject,Magic Number
dubbo-compatible,org.apache.dubbo.generic,GenericServiceTest,createComplexObject,Magic Number
dubbo-compatible,org.apache.dubbo.generic,GenericServiceTest,createComplexObject,Magic Number
dubbo-compatible,org.apache.dubbo.generic,GenericServiceTest,createComplexObject,Magic Number
dubbo-compatible,org.apache.dubbo.generic,GenericServiceTest,createComplexObject,Magic Number
dubbo-compatible,org.apache.dubbo.generic,GenericServiceTest,createComplexObject,Magic Number
dubbo-compatible,org.apache.dubbo.generic,GenericServiceTest,createComplexObject,Magic Number
dubbo-compatible,org.apache.dubbo.generic,GenericServiceTest,createComplexObject,Magic Number
dubbo-compatible,org.apache.dubbo.generic,GenericServiceTest,createComplexObject,Long Parameter List
dubbo-compatible,org.apache.dubbo.metadata.annotation.processing,AnnotationProcessingTestProcessor,AnnotationProcessingTestProcessor,Long Identifier
dubbo-compatible,org.apache.dubbo.metadata.annotation.processing,AnnotationProcessingTestProcessor,process,Long Identifier
dubbo-compatible,org.apache.dubbo.metadata.annotation.processing,AnnotationProcessingTestProcessor,prepare,Long Identifier
dubbo-compatible,org.apache.dubbo.metadata.annotation.processing,CompilerInvocationInterceptor,interceptTestMethod,Long Identifier
dubbo-compatible,org.apache.dubbo.metadata.annotation.processing,CompilerInvocationInterceptor,interceptTestMethod,Long Statement
dubbo-compatible,org.apache.dubbo.metadata.annotation.processing.builder,ArrayTypeDefinitionBuilderTest,testBuild,Long Statement
dubbo-compatible,org.apache.dubbo.metadata.annotation.processing.builder,ArrayTypeDefinitionBuilderTest,testBuild,Long Statement
dubbo-compatible,org.apache.dubbo.metadata.annotation.processing.builder,ArrayTypeDefinitionBuilderTest,testBuild,Long Statement
dubbo-compatible,org.apache.dubbo.metadata.annotation.processing.builder,ArrayTypeDefinitionBuilderTest,buildAndAssertTypeDefinition,Long Parameter List
dubbo-compatible,org.apache.dubbo.metadata.annotation.processing.builder,CollectionTypeDefinitionBuilderTest,testBuild,Long Statement
dubbo-compatible,org.apache.dubbo.metadata.annotation.processing.builder,CollectionTypeDefinitionBuilderTest,testBuild,Long Statement
dubbo-compatible,org.apache.dubbo.metadata.annotation.processing.builder,CollectionTypeDefinitionBuilderTest,testBuild,Long Statement
dubbo-compatible,org.apache.dubbo.metadata.annotation.processing.builder,CollectionTypeDefinitionBuilderTest,testBuild,Long Statement
dubbo-compatible,org.apache.dubbo.metadata.annotation.processing.builder,CollectionTypeDefinitionBuilderTest,testBuild,Long Statement
dubbo-compatible,org.apache.dubbo.metadata.annotation.processing.builder,MapTypeDefinitionBuilderTest,testBuild,Long Statement
dubbo-compatible,org.apache.dubbo.metadata.annotation.processing.builder,MapTypeDefinitionBuilderTest,testBuild,Long Statement
dubbo-compatible,org.apache.dubbo.metadata.annotation.processing.builder,MapTypeDefinitionBuilderTest,testBuild,Long Statement
dubbo-compatible,org.apache.dubbo.metadata.annotation.processing.builder,MapTypeDefinitionBuilderTest,testBuild,Long Statement
dubbo-compatible,org.apache.dubbo.metadata.annotation.processing.builder,MapTypeDefinitionBuilderTest,testBuild,Long Statement
dubbo-compatible,org.apache.dubbo.metadata.annotation.processing.builder,MapTypeDefinitionBuilderTest,buildAndAssertTypeDefinition,Long Parameter List
dubbo-compatible,org.apache.dubbo.metadata.annotation.processing.builder,ServiceDefinitionBuilderTest,testBuild,Long Statement
dubbo-compatible,org.apache.dubbo.metadata.annotation.processing.builder,ServiceDefinitionBuilderTest,testBuild,Magic Number
dubbo-compatible,org.apache.dubbo.metadata.annotation.processing.util,AnnotationUtilsTest,testGetAnnotations,Magic Number
dubbo-compatible,org.apache.dubbo.metadata.annotation.processing.util,AnnotationUtilsTest,testGetAllAnnotations,Magic Number
dubbo-compatible,org.apache.dubbo.metadata.annotation.processing.util,AnnotationUtilsTest,testGetAllAnnotations,Magic Number
dubbo-compatible,org.apache.dubbo.metadata.annotation.processing.util,AnnotationUtilsTest,testGetAllAnnotations,Magic Number
dubbo-compatible,org.apache.dubbo.metadata.annotation.processing.util,AnnotationUtilsTest,testGetAllAnnotations,Magic Number
dubbo-compatible,org.apache.dubbo.metadata.annotation.processing.util,AnnotationUtilsTest,testGetAllAnnotations,Magic Number
dubbo-compatible,org.apache.dubbo.metadata.annotation.processing.util,AnnotationUtilsTest,testFindAnnotation,Long Statement
dubbo-compatible,org.apache.dubbo.metadata.annotation.processing.util,AnnotationUtilsTest,testFindAnnotation,Long Statement
dubbo-compatible,org.apache.dubbo.metadata.annotation.processing.util,AnnotationUtilsTest,testFindAnnotation,Long Statement
dubbo-compatible,org.apache.dubbo.metadata.annotation.processing.util,AnnotationUtilsTest,testFindMetaAnnotation,Long Statement
dubbo-compatible,org.apache.dubbo.metadata.annotation.processing.util,AnnotationUtilsTest,testGetAttribute,Long Statement
dubbo-compatible,org.apache.dubbo.metadata.annotation.processing.util,AnnotationUtilsTest,testGetAttribute,Long Statement
dubbo-compatible,org.apache.dubbo.metadata.annotation.processing.util,FieldUtilsTest,assertModelFields,Magic Number
dubbo-compatible,org.apache.dubbo.metadata.annotation.processing.util,FieldUtilsTest,assertModelFields,Magic Number
dubbo-compatible,org.apache.dubbo.metadata.annotation.processing.util,FieldUtilsTest,assertModelFields,Magic Number
dubbo-compatible,org.apache.dubbo.metadata.annotation.processing.util,FieldUtilsTest,assertModelFields,Magic Number
dubbo-compatible,org.apache.dubbo.metadata.annotation.processing.util,FieldUtilsTest,assertModelFields,Magic Number
dubbo-compatible,org.apache.dubbo.metadata.annotation.processing.util,FieldUtilsTest,assertModelAllFields,Magic Number
dubbo-compatible,org.apache.dubbo.metadata.annotation.processing.util,FieldUtilsTest,assertModelAllFields,Magic Number
dubbo-compatible,org.apache.dubbo.metadata.annotation.processing.util,FieldUtilsTest,assertModelAllFields,Magic Number
dubbo-compatible,org.apache.dubbo.metadata.annotation.processing.util,FieldUtilsTest,assertModelAllFields,Magic Number
dubbo-compatible,org.apache.dubbo.metadata.annotation.processing.util,FieldUtilsTest,assertModelAllFields,Magic Number
dubbo-compatible,org.apache.dubbo.metadata.annotation.processing.util,FieldUtilsTest,assertModelAllFields,Magic Number
dubbo-compatible,org.apache.dubbo.metadata.annotation.processing.util,FieldUtilsTest,assertModelAllFields,Magic Number
dubbo-compatible,org.apache.dubbo.metadata.annotation.processing.util,FieldUtilsTest,assertModelAllFields,Magic Number
dubbo-compatible,org.apache.dubbo.metadata.annotation.processing.util,FieldUtilsTest,assertModelAllFields,Magic Number
dubbo-compatible,org.apache.dubbo.metadata.annotation.processing.util,FieldUtilsTest,assertModelAllFields,Magic Number
dubbo-compatible,org.apache.dubbo.metadata.annotation.processing.util,MemberUtilsTest,testDeclaredMembers,Magic Number
dubbo-compatible,org.apache.dubbo.metadata.annotation.processing.util,MemberUtilsTest,testDeclaredMembers,Magic Number
dubbo-compatible,org.apache.dubbo.metadata.annotation.processing.util,MemberUtilsTest,testDeclaredMembers,Magic Number
dubbo-compatible,org.apache.dubbo.metadata.annotation.processing.util,MemberUtilsTest,testDeclaredMembers,Magic Number
dubbo-compatible,org.apache.dubbo.metadata.annotation.processing.util,MemberUtilsTest,testDeclaredMembers,Magic Number
dubbo-compatible,org.apache.dubbo.metadata.annotation.processing.util,MemberUtilsTest,testDeclaredMembers,Magic Number
dubbo-compatible,org.apache.dubbo.metadata.annotation.processing.util,MemberUtilsTest,testDeclaredMembers,Magic Number
dubbo-compatible,org.apache.dubbo.metadata.annotation.processing.util,MemberUtilsTest,testDeclaredMembers,Magic Number
dubbo-compatible,org.apache.dubbo.metadata.annotation.processing.util,MemberUtilsTest,testDeclaredMembers,Magic Number
dubbo-compatible,org.apache.dubbo.metadata.annotation.processing.util,MemberUtilsTest,testDeclaredMembers,Magic Number
dubbo-compatible,org.apache.dubbo.metadata.annotation.processing.util,MemberUtilsTest,testDeclaredMembers,Magic Number
dubbo-compatible,org.apache.dubbo.metadata.annotation.processing.util,MemberUtilsTest,testDeclaredMembers,Magic Number
dubbo-compatible,org.apache.dubbo.metadata.annotation.processing.util,MemberUtilsTest,testDeclaredMembers,Magic Number
dubbo-compatible,org.apache.dubbo.metadata.annotation.processing.util,MemberUtilsTest,testDeclaredMembers,Magic Number
dubbo-compatible,org.apache.dubbo.metadata.annotation.processing.util,MemberUtilsTest,testDeclaredMembers,Magic Number
dubbo-compatible,org.apache.dubbo.metadata.annotation.processing.util,MemberUtilsTest,testDeclaredMembers,Magic Number
dubbo-compatible,org.apache.dubbo.metadata.annotation.processing.util,MethodUtilsTest,testDeclaredMethods,Magic Number
dubbo-compatible,org.apache.dubbo.metadata.annotation.processing.util,MethodUtilsTest,testDeclaredMethods,Magic Number
dubbo-compatible,org.apache.dubbo.metadata.annotation.processing.util,MethodUtilsTest,testGetAllDeclaredMethods,Magic Number
dubbo-compatible,org.apache.dubbo.metadata.annotation.processing.util,MethodUtilsTest,testGetPublicNonStaticMethods,Magic Number
dubbo-compatible,org.apache.dubbo.metadata.annotation.processing.util,MethodUtilsTest,testGetPublicNonStaticMethods,Magic Number
dubbo-compatible,org.apache.dubbo.metadata.annotation.processing.util,MethodUtilsTest,testIsMethod,Magic Number
dubbo-compatible,org.apache.dubbo.metadata.annotation.processing.util,MethodUtilsTest,testIsPublicNonStaticMethod,Magic Number
dubbo-compatible,org.apache.dubbo.metadata.annotation.processing.util,ServiceAnnotationUtilsTest,testConstants,Long Statement
dubbo-compatible,org.apache.dubbo.metadata.annotation.processing.util,TypeUtilsTest,testGetHierarchicalTypes,Magic Number
dubbo-compatible,org.apache.dubbo.metadata.annotation.processing.util,TypeUtilsTest,testGetHierarchicalTypes,Magic Number
dubbo-compatible,org.apache.dubbo.metadata.annotation.processing.util,TypeUtilsTest,testGetHierarchicalTypes,Magic Number
dubbo-compatible,org.apache.dubbo.metadata.annotation.processing.util,TypeUtilsTest,testGetHierarchicalTypes,Magic Number
dubbo-compatible,org.apache.dubbo.metadata.annotation.processing.util,TypeUtilsTest,testGetHierarchicalTypes,Magic Number
dubbo-compatible,org.apache.dubbo.metadata.annotation.processing.util,TypeUtilsTest,testGetHierarchicalTypes,Magic Number
dubbo-compatible,org.apache.dubbo.metadata.annotation.processing.util,TypeUtilsTest,testGetInterfaces,Magic Number
dubbo-compatible,org.apache.dubbo.metadata.annotation.processing.util,TypeUtilsTest,testGetInterfaces,Magic Number
dubbo-compatible,org.apache.dubbo.metadata.annotation.processing.util,TypeUtilsTest,testGetAllInterfaces,Magic Number
dubbo-compatible,org.apache.dubbo.metadata.annotation.processing.util,TypeUtilsTest,testGetAllInterfaces,Magic Number
dubbo-compatible,org.apache.dubbo.metadata.annotation.processing.util,TypeUtilsTest,testGetAllSuperTypes,Magic Number
dubbo-compatible,org.apache.dubbo.metadata.annotation.processing.util,TypeUtilsTest,testGetAllSuperTypes,Magic Number
dubbo-compatible,org.apache.dubbo.metadata.annotation.processing.util,TypeUtilsTest,testOfDeclaredTypes,Long Statement
dubbo-compatible,org.apache.dubbo.metadata.annotation.processing.util,TypeUtilsTest,testListTypeElements,Long Statement
dubbo-compatible,org.apache.dubbo.metadata.tools,Compiler,compile,Long Statement
dubbo-compatible,org.apache.dubbo.metadata.tools,DefaultRestServiceTest,test,Long Statement
dubbo-compatible,org.apache.dubbo.rpc.filter,GenericImplFilterTest,testInvokeWithException,Long Statement
dubbo-compatible,org.apache.dubbo.rpc.filter,GenericImplFilterTest,testInvokeWithException,Long Statement
dubbo-compatible,org.apache.dubbo.rpc.filter,GenericImplFilterTest,testInvokeWithException,Long Statement
dubbo-compatible,org.apache.dubbo.rpc.filter,GenericImplFilterTest,testInvokeWithException,Magic Number
dubbo-compatible,org.apache.dubbo.serialization,MySerialization,getContentTypeId,Magic Number
dubbo-compatible,org.apache.dubbo.serialization,SerializationTest,testContentTypeId,Magic Number
dubbo-compatible,org.apache.dubbo.service,ComplexObject,ComplexObject,Long Parameter List
dubbo-compatible,org.apache.dubbo.service,ComplexObject,ComplexObject,Magic Number
dubbo-compatible,org.apache.dubbo.service,ComplexObject,ComplexObject,Magic Number
dubbo-compatible,org.apache.dubbo.service,ComplexObject,ComplexObject,Magic Number
dubbo-compatible,org.apache.dubbo.service,ComplexObject,toString,Long Statement
dubbo-compatible,org.apache.dubbo.service,ComplexObject,equals,Long Statement
dubbo-compatible,org.apache.dubbo.service,ComplexObject,hashCode,Magic Number
dubbo-compatible,org.apache.dubbo.service,ComplexObject,hashCode,Magic Number
dubbo-compatible,org.apache.dubbo.service,DemoService,findComplexObject,Long Parameter List
dubbo-compatible,org.apache.dubbo.service,DemoServiceImpl,invoke,Long Statement
dubbo-compatible,org.apache.dubbo.service,DemoServiceImpl,findComplexObject,Long Parameter List
