Project Name,Package Name,Type Name,MethodName,LOC,CC,PC
cmd,ghidra.app.cmd.analysis,SharedReturnAnalysisCmd,SharedReturnAnalysisCmd,6,1,3
cmd,ghidra.app.cmd.analysis,SharedReturnAnalysisCmd,applyTo,118,26,2
cmd,ghidra.app.cmd.analysis,SharedReturnAnalysisCmd,getFunctionBefore,8,2,2
cmd,ghidra.app.cmd.analysis,SharedReturnAnalysisCmd,getRangeBefore,13,2,2
cmd,ghidra.app.cmd.analysis,SharedReturnAnalysisCmd,getFunctionAfter,8,2,2
cmd,ghidra.app.cmd.analysis,SharedReturnAnalysisCmd,getRangeAfter,13,2,2
cmd,ghidra.app.cmd.analysis,SharedReturnAnalysisCmd,createFunction,12,3,3
cmd,ghidra.app.cmd.analysis,SharedReturnAnalysisCmd,checkIfCouldHaveFallThruTo,17,5,2
cmd,ghidra.app.cmd.analysis,SharedReturnAnalysisCmd,checkAboveFunction,10,2,2
cmd,ghidra.app.cmd.analysis,SharedReturnAnalysisCmd,checkBelowFunction,21,5,2
cmd,ghidra.app.cmd.analysis,SharedReturnAnalysisCmd,checkAllJumpReferences,27,7,2
cmd,ghidra.app.cmd.analysis,SharedReturnAnalysisCmd,processFunctionJumpReferences,33,9,3
cmd,ghidra.app.cmd.analysis,SharedReturnAnalysisCmd,getJumpRefsToFunction,19,5,3
cmd,ghidra.app.cmd.analysis,SharedReturnAnalysisCmd,getSingleFlowReferenceFrom,14,4,1
cmd,ghidra.app.cmd.comments,AppendCommentCmd,AppendCommentCmd,7,1,4
cmd,ghidra.app.cmd.comments,AppendCommentCmd,getName,3,1,0
cmd,ghidra.app.cmd.comments,AppendCommentCmd,applyTo,11,2,1
cmd,ghidra.app.cmd.comments,AppendCommentCmd,getCodeUnit,13,3,1
cmd,ghidra.app.cmd.comments,AppendCommentCmd,getStatusMsg,3,1,0
cmd,ghidra.app.cmd.comments,CodeUnitInfoPasteCmd,CodeUnitInfoPasteCmd,6,1,4
cmd,ghidra.app.cmd.comments,CodeUnitInfoPasteCmd,getName,3,1,0
cmd,ghidra.app.cmd.comments,CodeUnitInfoPasteCmd,applyTo,30,7,1
cmd,ghidra.app.cmd.comments,CodeUnitInfoPasteCmd,getStatusMsg,3,1,0
cmd,ghidra.app.cmd.comments,CodeUnitInfoPasteCmd,setFunction,65,11,3
cmd,ghidra.app.cmd.comments,CodeUnitInfoPasteCmd,findStackVar,9,3,3
cmd,ghidra.app.cmd.comments,CodeUnitInfoPasteCmd,findVar,10,3,3
cmd,ghidra.app.cmd.comments,CodeUnitInfoPasteCmd,setLabel,37,7,4
cmd,ghidra.app.cmd.comments,CodeUnitInfoPasteCmd,createSymbols,10,2,5
cmd,ghidra.app.cmd.comments,CodeUnitInfoPasteCmd,setComments,27,6,3
cmd,ghidra.app.cmd.comments,CodeUnitInfoPasteCmd,appendComment,20,5,2
cmd,ghidra.app.cmd.comments,SetCommentCmd,SetCommentCmd,6,1,3
cmd,ghidra.app.cmd.comments,SetCommentCmd,getName,3,1,0
cmd,ghidra.app.cmd.comments,SetCommentCmd,commentChanged,9,3,2
cmd,ghidra.app.cmd.comments,SetCommentCmd,applyTo,14,3,1
cmd,ghidra.app.cmd.comments,SetCommentCmd,getCodeUnit,13,3,1
cmd,ghidra.app.cmd.comments,SetCommentCmd,getStatusMsg,3,1,0
cmd,ghidra.app.cmd.comments,SetCommentCmd,createComment,4,1,4
cmd,ghidra.app.cmd.comments,SetCommentsCmd,SetCommentsCmd,8,1,6
cmd,ghidra.app.cmd.comments,SetCommentsCmd,getName,3,1,0
cmd,ghidra.app.cmd.comments,SetCommentsCmd,commentChanged,9,3,2
cmd,ghidra.app.cmd.comments,SetCommentsCmd,applyTo,32,7,1
cmd,ghidra.app.cmd.comments,SetCommentsCmd,getCodeUnit,13,3,1
cmd,ghidra.app.cmd.comments,SetCommentsCmd,getStatusMsg,3,1,0
cmd,ghidra.app.cmd.data,AbstractCreateStructureCmd,AbstractCreateStructureCmd,4,1,2
cmd,ghidra.app.cmd.data,AbstractCreateStructureCmd,applyTo,12,1,1
cmd,ghidra.app.cmd.data,AbstractCreateStructureCmd,createStructure,0,1,2
cmd,ghidra.app.cmd.data,AbstractCreateStructureCmd,initializeStructureData,0,1,2
cmd,ghidra.app.cmd.data,AbstractCreateStructureCmd,setNewDataType,3,1,1
cmd,ghidra.app.cmd.data,AbstractCreateStructureCmd,getNewDataType,3,1,0
cmd,ghidra.app.cmd.data,AbstractCreateStructureCmd,getStructureAddress,3,1,0
cmd,ghidra.app.cmd.data,AbstractCreateStructureCmd,setStatusMsg,3,1,1
cmd,ghidra.app.cmd.data,AbstractCreateStructureCmd,getStatusMsg,3,1,0
cmd,ghidra.app.cmd.data,AbstractCreateStructureCmd,getStructureName,3,1,0
cmd,ghidra.app.cmd.data,AbstractCreateStructureCmd,getName,3,1,0
cmd,ghidra.app.cmd.data,CreateArrayCmd,CreateArrayCmd,6,1,4
cmd,ghidra.app.cmd.data,CreateArrayCmd,applyTo,31,2,1
cmd,ghidra.app.cmd.data,CreateArrayCmd,getStatusMsg,3,1,0
cmd,ghidra.app.cmd.data,CreateArrayCmd,getName,3,1,0
cmd,ghidra.app.cmd.data,CreateArrayInStructureCmd,CreateArrayInStructureCmd,6,1,4
cmd,ghidra.app.cmd.data,CreateArrayInStructureCmd,applyTo,47,7,1
cmd,ghidra.app.cmd.data,CreateArrayInStructureCmd,clearStruct,9,3,3
cmd,ghidra.app.cmd.data,CreateArrayInStructureCmd,getStatusMsg,3,1,0
cmd,ghidra.app.cmd.data,CreateArrayInStructureCmd,getName,3,1,0
cmd,ghidra.app.cmd.data,CreateDataBackgroundCmd,CreateDataBackgroundCmd,3,1,2
cmd,ghidra.app.cmd.data,CreateDataBackgroundCmd,CreateDataBackgroundCmd,6,1,3
cmd,ghidra.app.cmd.data,CreateDataBackgroundCmd,applyTo,3,1,2
cmd,ghidra.app.cmd.data,CreateDataBackgroundCmd,doApplyTo,37,6,2
cmd,ghidra.app.cmd.data,CreateDataBackgroundCmd,createData,27,4,5
cmd,ghidra.app.cmd.data,CreateDataCmd,CreateDataCmd,3,1,3
cmd,ghidra.app.cmd.data,CreateDataCmd,CreateDataCmd,3,1,4
cmd,ghidra.app.cmd.data,CreateDataCmd,CreateDataCmd,3,1,2
cmd,ghidra.app.cmd.data,CreateDataCmd,CreateDataCmd,3,1,4
cmd,ghidra.app.cmd.data,CreateDataCmd,CreateDataCmd,7,1,4
cmd,ghidra.app.cmd.data,CreateDataCmd,applyTo,10,1,1
cmd,ghidra.app.cmd.data,CreateDataCmd,getStatusMsg,3,1,0
cmd,ghidra.app.cmd.data,CreateDataCmd,getName,3,1,0
cmd,ghidra.app.cmd.data,CreateDataInStructureBackgroundCmd,CreateDataInStructureBackgroundCmd,3,1,4
cmd,ghidra.app.cmd.data,CreateDataInStructureBackgroundCmd,CreateDataInStructureBackgroundCmd,8,1,5
cmd,ghidra.app.cmd.data,CreateDataInStructureBackgroundCmd,applyTo,58,10,2
cmd,ghidra.app.cmd.data,CreateDataInStructureCmd,CreateDataInStructureCmd,3,1,3
cmd,ghidra.app.cmd.data,CreateDataInStructureCmd,CreateDataInStructureCmd,6,1,4
cmd,ghidra.app.cmd.data,CreateDataInStructureCmd,applyTo,54,8,1
cmd,ghidra.app.cmd.data,CreateDataInStructureCmd,getStatusMsg,3,1,0
cmd,ghidra.app.cmd.data,CreateDataInStructureCmd,getName,3,1,0
cmd,ghidra.app.cmd.data,CreateStringCmd,getStringDataType,3,1,2
cmd,ghidra.app.cmd.data,CreateStringCmd,CreateStringCmd,6,1,4
cmd,ghidra.app.cmd.data,CreateStringCmd,CreateStringCmd,3,1,4
cmd,ghidra.app.cmd.data,CreateStringCmd,CreateStringCmd,3,1,3
cmd,ghidra.app.cmd.data,CreateStringCmd,CreateStringCmd,3,1,1
cmd,ghidra.app.cmd.data,CreateStringCmd,CreateStringCmd,3,1,2
cmd,ghidra.app.cmd.data,CreateStringCmd,applyTo,11,1,1
cmd,ghidra.app.cmd.data,CreateStringCmd,getStatusMsg,3,1,0
cmd,ghidra.app.cmd.data,CreateStringCmd,getName,3,1,0
cmd,ghidra.app.cmd.data,CreateStructureCmd,CreateStructureCmd,3,1,2
cmd,ghidra.app.cmd.data,CreateStructureCmd,CreateStructureCmd,4,1,3
cmd,ghidra.app.cmd.data,CreateStructureCmd,CreateStructureCmd,5,1,2
cmd,ghidra.app.cmd.data,CreateStructureCmd,createStructure,6,2,2
cmd,ghidra.app.cmd.data,CreateStructureCmd,initializeStructureData,24,1,2
cmd,ghidra.app.cmd.data,CreateStructureCmd,findExistingRefs,13,3,4
cmd,ghidra.app.cmd.data,CreateStructureCmd,addRefs,5,2,3
cmd,ghidra.app.cmd.data,CreateStructureInStructureCmd,CreateStructureInStructureCmd,3,1,3
cmd,ghidra.app.cmd.data,CreateStructureInStructureCmd,CreateStructureInStructureCmd,5,1,4
cmd,ghidra.app.cmd.data,CreateStructureInStructureCmd,CreateStructureInStructureCmd,4,1,4
cmd,ghidra.app.cmd.data,CreateStructureInStructureCmd,createStructure,6,2,2
cmd,ghidra.app.cmd.data,CreateStructureInStructureCmd,initializeStructureData,15,2,2
cmd,ghidra.app.cmd.data,CreateStructureInStructureCmd,clearStruct,9,3,3
cmd,ghidra.app.cmd.data,RenameDataFieldCmd,RenameDataFieldCmd,4,1,2
cmd,ghidra.app.cmd.data,RenameDataFieldCmd,applyTo,14,2,1
cmd,ghidra.app.cmd.data,RenameDataFieldCmd,getStatusMsg,3,1,0
cmd,ghidra.app.cmd.data,RenameDataFieldCmd,getName,3,1,0
cmd,ghidra.app.cmd.disassemble,ArmDisassembleCommand,ArmDisassembleCommand,4,1,3
cmd,ghidra.app.cmd.disassemble,ArmDisassembleCommand,ArmDisassembleCommand,4,1,3
cmd,ghidra.app.cmd.disassemble,ArmDisassembleCommand,setSeedContext,3,1,1
cmd,ghidra.app.cmd.disassemble,ArmDisassembleCommand,setInitialContext,3,1,1
cmd,ghidra.app.cmd.disassemble,ArmDisassembleCommand,applyTo,51,10,2
cmd,ghidra.app.cmd.disassemble,DisassembleCommand,DisassembleCommand,4,1,3
cmd,ghidra.app.cmd.disassemble,DisassembleCommand,DisassembleCommand,3,1,2
cmd,ghidra.app.cmd.disassemble,DisassembleCommand,DisassembleCommand,3,1,3
cmd,ghidra.app.cmd.disassemble,DisassembleCommand,DisassembleCommand,6,1,4
cmd,ghidra.app.cmd.disassemble,DisassembleCommand,setSeedContext,3,1,1
cmd,ghidra.app.cmd.disassemble,DisassembleCommand,setInitialContext,7,2,1
cmd,ghidra.app.cmd.disassemble,DisassembleCommand,enableCodeAnalysis,3,1,1
cmd,ghidra.app.cmd.disassemble,DisassembleCommand,getStatusMsg,15,5,0
cmd,ghidra.app.cmd.disassemble,DisassembleCommand,applyTo,4,1,2
cmd,ghidra.app.cmd.disassemble,DisassembleCommand,getExecutableSet,10,3,1
cmd,ghidra.app.cmd.disassemble,DisassembleCommand,doDisassembly,88,17,3
cmd,ghidra.app.cmd.disassemble,DisassembleCommand,doDisassemblySeeds,11,3,3
cmd,ghidra.app.cmd.disassemble,DisassembleCommand,analyzeIfNeeded,14,4,4
cmd,ghidra.app.cmd.disassemble,DisassembleCommand,getDisassembledAddressSet,3,1,0
cmd,ghidra.app.cmd.disassemble,DisassembleCommand,MyListener,3,1,1
cmd,ghidra.app.cmd.disassemble,DisassembleCommand,disassembleMessageReported,5,2,1
cmd,ghidra.app.cmd.disassemble,MyListener,MyListener,3,1,1
cmd,ghidra.app.cmd.disassemble,MyListener,disassembleMessageReported,5,2,1
cmd,ghidra.app.cmd.disassemble,Hcs12DisassembleCommand,Hcs12DisassembleCommand,4,1,3
cmd,ghidra.app.cmd.disassemble,Hcs12DisassembleCommand,Hcs12DisassembleCommand,4,1,3
cmd,ghidra.app.cmd.disassemble,Hcs12DisassembleCommand,setSeedContext,3,1,1
cmd,ghidra.app.cmd.disassemble,Hcs12DisassembleCommand,setInitialContext,3,1,1
cmd,ghidra.app.cmd.disassemble,Hcs12DisassembleCommand,applyTo,50,10,2
cmd,ghidra.app.cmd.disassemble,MipsDisassembleCommand,MipsDisassembleCommand,4,1,3
cmd,ghidra.app.cmd.disassemble,MipsDisassembleCommand,MipsDisassembleCommand,4,1,3
cmd,ghidra.app.cmd.disassemble,MipsDisassembleCommand,getName,3,1,0
cmd,ghidra.app.cmd.disassemble,MipsDisassembleCommand,setSeedContext,3,1,1
cmd,ghidra.app.cmd.disassemble,MipsDisassembleCommand,setInitialContext,3,1,1
cmd,ghidra.app.cmd.disassemble,MipsDisassembleCommand,applyTo,50,10,2
cmd,ghidra.app.cmd.disassemble,PowerPCDisassembleCommand,PowerPCDisassembleCommand,4,1,3
cmd,ghidra.app.cmd.disassemble,PowerPCDisassembleCommand,PowerPCDisassembleCommand,4,1,3
cmd,ghidra.app.cmd.disassemble,PowerPCDisassembleCommand,getName,3,1,0
cmd,ghidra.app.cmd.disassemble,PowerPCDisassembleCommand,setSeedContext,3,1,1
cmd,ghidra.app.cmd.disassemble,PowerPCDisassembleCommand,setInitialContext,3,1,1
cmd,ghidra.app.cmd.disassemble,PowerPCDisassembleCommand,applyTo,50,10,2
cmd,ghidra.app.cmd.disassemble,SetFlowOverrideCmd,SetFlowOverrideCmd,3,1,2
cmd,ghidra.app.cmd.disassemble,SetFlowOverrideCmd,SetFlowOverrideCmd,3,1,2
cmd,ghidra.app.cmd.disassemble,SetFlowOverrideCmd,SetFlowOverrideCmd,6,1,3
cmd,ghidra.app.cmd.disassemble,SetFlowOverrideCmd,applyTo,24,6,2
cmd,ghidra.app.cmd.disassemble,X86_64DisassembleCommand,X86_64DisassembleCommand,4,1,3
cmd,ghidra.app.cmd.disassemble,X86_64DisassembleCommand,X86_64DisassembleCommand,4,1,3
cmd,ghidra.app.cmd.disassemble,X86_64DisassembleCommand,getName,3,1,0
cmd,ghidra.app.cmd.disassemble,X86_64DisassembleCommand,setSeedContext,3,1,1
cmd,ghidra.app.cmd.disassemble,X86_64DisassembleCommand,setInitialContext,3,1,1
cmd,ghidra.app.cmd.disassemble,X86_64DisassembleCommand,alignSet,20,5,2
cmd,ghidra.app.cmd.disassemble,X86_64DisassembleCommand,applyTo,30,5,2
cmd,ghidra.app.cmd.equate,ClearEquateCmd,ClearEquateCmd,5,1,3
cmd,ghidra.app.cmd.equate,ClearEquateCmd,getName,3,1,0
cmd,ghidra.app.cmd.equate,ClearEquateCmd,applyTo,6,1,1
cmd,ghidra.app.cmd.equate,ClearEquateCmd,clearEquate,11,3,2
cmd,ghidra.app.cmd.equate,ClearEquateCmd,getStatusMsg,3,1,0
cmd,ghidra.app.cmd.equate,SetEquateCmd,SetEquateCmd,6,1,4
cmd,ghidra.app.cmd.equate,SetEquateCmd,getName,3,1,0
cmd,ghidra.app.cmd.equate,SetEquateCmd,applyTo,23,3,1
cmd,ghidra.app.cmd.equate,SetEquateCmd,existsWithDifferentValue,3,1,1
cmd,ghidra.app.cmd.equate,SetEquateCmd,getEquate,3,1,0
cmd,ghidra.app.cmd.equate,SetEquateCmd,getStatusMsg,3,1,0
cmd,ghidra.app.cmd.formats,AppleSingleDoubleBinaryAnalysisCommand,AppleSingleDoubleBinaryAnalysisCommand,3,1,0
cmd,ghidra.app.cmd.formats,AppleSingleDoubleBinaryAnalysisCommand,analysisWorkerCallback,35,4,3
cmd,ghidra.app.cmd.formats,AppleSingleDoubleBinaryAnalysisCommand,getWorkerName,3,1,0
cmd,ghidra.app.cmd.formats,AppleSingleDoubleBinaryAnalysisCommand,applyTo,5,1,2
cmd,ghidra.app.cmd.formats,AppleSingleDoubleBinaryAnalysisCommand,canApply,12,2,1
cmd,ghidra.app.cmd.formats,AppleSingleDoubleBinaryAnalysisCommand,getMessages,3,1,0
cmd,ghidra.app.cmd.formats,AppleSingleDoubleBinaryAnalysisCommand,getName,3,1,0
cmd,ghidra.app.cmd.formats,AppleSingleDoubleBinaryAnalysisCommand,markup,24,3,2
cmd,ghidra.app.cmd.formats,AppleSingleDoubleBinaryAnalysisCommand,markupCFM,26,4,2
cmd,ghidra.app.cmd.formats,AppleSingleDoubleBinaryAnalysisCommand,markupResourceMap,8,1,3
cmd,ghidra.app.cmd.formats,AppleSingleDoubleBinaryAnalysisCommand,markupReferenceListEntry,22,4,4
cmd,ghidra.app.cmd.formats,AppleSingleDoubleBinaryAnalysisCommand,hack,3,1,0
cmd,ghidra.app.cmd.formats,AppleSingleDoubleBinaryAnalysisCommand,markupResourceType,7,1,3
cmd,ghidra.app.cmd.formats,AppleSingleDoubleBinaryAnalysisCommand,markupResourceNameList,12,3,2
cmd,ghidra.app.cmd.formats,AppleSingleDoubleBinaryAnalysisCommand,markupResourceData,16,3,2
cmd,ghidra.app.cmd.formats,AppleSingleDoubleBinaryAnalysisCommand,createModule,9,1,1
cmd,ghidra.app.cmd.formats,AppleSingleDoubleBinaryAnalysisCommand,findGroup,12,4,2
cmd,ghidra.app.cmd.formats,AppleSingleDoubleBinaryAnalysisCommand,removeEmptyFragments,22,7,0
cmd,ghidra.app.cmd.formats,CoffArchiveBinaryAnalysisCommand,CoffArchiveBinaryAnalysisCommand,3,1,0
cmd,ghidra.app.cmd.formats,CoffArchiveBinaryAnalysisCommand,analysisWorkerCallback,10,2,3
cmd,ghidra.app.cmd.formats,CoffArchiveBinaryAnalysisCommand,getWorkerName,3,1,0
cmd,ghidra.app.cmd.formats,CoffArchiveBinaryAnalysisCommand,applyTo,5,1,2
cmd,ghidra.app.cmd.formats,CoffArchiveBinaryAnalysisCommand,canApply,12,1,1
cmd,ghidra.app.cmd.formats,CoffArchiveBinaryAnalysisCommand,getMessages,3,1,0
cmd,ghidra.app.cmd.formats,CoffArchiveBinaryAnalysisCommand,getName,3,1,0
cmd,ghidra.app.cmd.formats,CoffArchiveBinaryAnalysisCommand,removeEmptyFragments,22,7,0
cmd,ghidra.app.cmd.formats,CoffArchiveBinaryAnalysisCommand,applyDataTypes,7,1,2
cmd,ghidra.app.cmd.formats,CoffArchiveBinaryAnalysisCommand,markupLongNamesMember,10,2,1
cmd,ghidra.app.cmd.formats,CoffArchiveBinaryAnalysisCommand,markupSecondLinkerMember,10,2,1
cmd,ghidra.app.cmd.formats,CoffArchiveBinaryAnalysisCommand,markupFirstLinkerMember,10,2,1
cmd,ghidra.app.cmd.formats,CoffArchiveBinaryAnalysisCommand,markupArchiveMemberHeader,19,4,2
cmd,ghidra.app.cmd.formats,CoffArchiveBinaryAnalysisCommand,markupArchiveHeader,5,1,1
cmd,ghidra.app.cmd.formats,CoffBinaryAnalysisCommand,CoffBinaryAnalysisCommand,3,1,0
cmd,ghidra.app.cmd.formats,CoffBinaryAnalysisCommand,canApply,14,2,1
cmd,ghidra.app.cmd.formats,CoffBinaryAnalysisCommand,analysisWorkerCallback,11,2,3
cmd,ghidra.app.cmd.formats,CoffBinaryAnalysisCommand,getWorkerName,3,1,0
cmd,ghidra.app.cmd.formats,CoffBinaryAnalysisCommand,applyTo,5,1,2
cmd,ghidra.app.cmd.formats,CoffBinaryAnalysisCommand,getName,3,1,0
cmd,ghidra.app.cmd.formats,CoffBinaryAnalysisCommand,getMessages,3,1,0
cmd,ghidra.app.cmd.formats,CoffBinaryAnalysisCommand,removeEmptyFragments,22,7,0
cmd,ghidra.app.cmd.formats,CoffBinaryAnalysisCommand,applyDataTypes,7,1,1
cmd,ghidra.app.cmd.formats,CoffBinaryAnalysisCommand,processOptionalHeader,10,2,1
cmd,ghidra.app.cmd.formats,CoffBinaryAnalysisCommand,processStrings,16,3,1
cmd,ghidra.app.cmd.formats,CoffBinaryAnalysisCommand,processSymbols,25,4,1
cmd,ghidra.app.cmd.formats,CoffBinaryAnalysisCommand,processSectionHeaders,23,4,1
cmd,ghidra.app.cmd.formats,CoffBinaryAnalysisCommand,processSectionLineNumbers,19,4,1
cmd,ghidra.app.cmd.formats,CoffBinaryAnalysisCommand,processSectionRelocations,20,4,1
cmd,ghidra.app.cmd.formats,CoffBinaryAnalysisCommand,processFileHeader,6,1,1
cmd,ghidra.app.cmd.formats,ElfBinaryAnalysisCommand,ElfBinaryAnalysisCommand,3,1,0
cmd,ghidra.app.cmd.formats,ElfBinaryAnalysisCommand,canApply,16,2,1
cmd,ghidra.app.cmd.formats,ElfBinaryAnalysisCommand,analysisWorkerCallback,23,1,3
cmd,ghidra.app.cmd.formats,ElfBinaryAnalysisCommand,getWorkerName,3,1,0
cmd,ghidra.app.cmd.formats,ElfBinaryAnalysisCommand,applyTo,5,1,2
cmd,ghidra.app.cmd.formats,ElfBinaryAnalysisCommand,getName,3,1,0
cmd,ghidra.app.cmd.formats,ElfBinaryAnalysisCommand,getMessages,3,1,0
cmd,ghidra.app.cmd.formats,ElfBinaryAnalysisCommand,processElfHeader,6,1,2
cmd,ghidra.app.cmd.formats,ElfBinaryAnalysisCommand,processStrings,31,5,1
cmd,ghidra.app.cmd.formats,ElfBinaryAnalysisCommand,processSectionHeaders,26,3,2
cmd,ghidra.app.cmd.formats,ElfBinaryAnalysisCommand,processProgramHeaders,20,3,2
cmd,ghidra.app.cmd.formats,ElfBinaryAnalysisCommand,processInterpretor,19,3,3
cmd,ghidra.app.cmd.formats,ElfBinaryAnalysisCommand,processDynamic,43,7,3
cmd,ghidra.app.cmd.formats,ElfBinaryAnalysisCommand,addDynamicStringComment,9,3,5
cmd,ghidra.app.cmd.formats,ElfBinaryAnalysisCommand,addDynamicReference,14,2,4
cmd,ghidra.app.cmd.formats,ElfBinaryAnalysisCommand,processSymbolTables,33,5,3
cmd,ghidra.app.cmd.formats,ElfBinaryAnalysisCommand,addr,3,1,1
cmd,ghidra.app.cmd.formats,ElfBinaryAnalysisCommand,processRelocationTables,25,4,2
cmd,ghidra.app.cmd.formats,MachoBinaryAnalysisCommand,MachoBinaryAnalysisCommand,3,1,0
cmd,ghidra.app.cmd.formats,MachoBinaryAnalysisCommand,MachoBinaryAnalysisCommand,3,1,2
cmd,ghidra.app.cmd.formats,MachoBinaryAnalysisCommand,MachoBinaryAnalysisCommand,6,1,3
cmd,ghidra.app.cmd.formats,MachoBinaryAnalysisCommand,canApply,16,2,1
cmd,ghidra.app.cmd.formats,MachoBinaryAnalysisCommand,getAddress,3,1,1
cmd,ghidra.app.cmd.formats,MachoBinaryAnalysisCommand,analysisWorkerCallback,28,3,3
cmd,ghidra.app.cmd.formats,MachoBinaryAnalysisCommand,getWorkerName,3,1,0
cmd,ghidra.app.cmd.formats,MachoBinaryAnalysisCommand,applyTo,8,2,2
cmd,ghidra.app.cmd.formats,MachoBinaryAnalysisCommand,getName,3,1,0
cmd,ghidra.app.cmd.formats,MachoBinaryAnalysisCommand,getMessages,3,1,0
cmd,ghidra.app.cmd.formats,MachoBinaryAnalysisCommand,setHeaderComment,18,2,2
cmd,ghidra.app.cmd.formats,PefBinaryAnalysisCommand,PefBinaryAnalysisCommand,3,1,0
cmd,ghidra.app.cmd.formats,PefBinaryAnalysisCommand,canApply,10,1,1
cmd,ghidra.app.cmd.formats,PefBinaryAnalysisCommand,analysisWorkerCallback,19,1,3
cmd,ghidra.app.cmd.formats,PefBinaryAnalysisCommand,getWorkerName,3,1,0
cmd,ghidra.app.cmd.formats,PefBinaryAnalysisCommand,applyTo,5,1,2
cmd,ghidra.app.cmd.formats,PefBinaryAnalysisCommand,getName,3,1,0
cmd,ghidra.app.cmd.formats,PefBinaryAnalysisCommand,getMessages,3,1,0
cmd,ghidra.app.cmd.formats,PefBinaryAnalysisCommand,processSections,16,3,2
cmd,ghidra.app.cmd.formats,PefBinaryAnalysisCommand,processSectionData,15,4,1
cmd,ghidra.app.cmd.formats,PefBinaryAnalysisCommand,processLoaders,13,1,1
cmd,ghidra.app.cmd.formats,PefBinaryAnalysisCommand,processLoaderExports,39,8,1
cmd,ghidra.app.cmd.formats,PefBinaryAnalysisCommand,processLoaderStringTable,25,4,1
cmd,ghidra.app.cmd.formats,PefBinaryAnalysisCommand,processLoaderRelocations,16,3,1
cmd,ghidra.app.cmd.formats,PefBinaryAnalysisCommand,processRelocation,14,3,2
cmd,ghidra.app.cmd.formats,PefBinaryAnalysisCommand,processImportedSymbols,18,3,1
cmd,ghidra.app.cmd.formats,PefBinaryAnalysisCommand,processImportLibraries,16,3,1
cmd,ghidra.app.cmd.formats,PefBinaryAnalysisCommand,addr,3,1,1
cmd,ghidra.app.cmd.formats,PortableExecutableBinaryAnalysisCommand,PortableExecutableBinaryAnalysisCommand,3,1,0
cmd,ghidra.app.cmd.formats,PortableExecutableBinaryAnalysisCommand,canApply,15,2,1
cmd,ghidra.app.cmd.formats,PortableExecutableBinaryAnalysisCommand,analysisWorkerCallback,16,3,3
cmd,ghidra.app.cmd.formats,PortableExecutableBinaryAnalysisCommand,getWorkerName,3,1,0
cmd,ghidra.app.cmd.formats,PortableExecutableBinaryAnalysisCommand,applyTo,5,1,2
cmd,ghidra.app.cmd.formats,PortableExecutableBinaryAnalysisCommand,getName,3,1,0
cmd,ghidra.app.cmd.formats,PortableExecutableBinaryAnalysisCommand,getMessages,3,1,0
cmd,ghidra.app.cmd.formats,PortableExecutableBinaryAnalysisCommand,createDataTypes,13,2,1
cmd,ghidra.app.cmd.formats,PortableExecutableBinaryAnalysisCommand,processSymbols,19,4,1
cmd,ghidra.app.cmd.formats,PortableExecutableBinaryAnalysisCommand,processStringTable,17,3,1
cmd,ghidra.app.cmd.formats,PortableExecutableBinaryAnalysisCommand,processDOSHeader,6,1,1
cmd,ghidra.app.cmd.formats,PortableExecutableBinaryAnalysisCommand,processNTHeader,8,1,2
cmd,ghidra.app.cmd.formats,PortableExecutableBinaryAnalysisCommand,processDataDirectories,16,4,1
cmd,ghidra.app.cmd.formats,PortableExecutableBinaryAnalysisCommand,processSections,19,3,1
cmd,ghidra.app.cmd.function,AddFunctionTagCmd,AddFunctionTagCmd,4,1,2
cmd,ghidra.app.cmd.function,AddFunctionTagCmd,applyTo,10,2,1
cmd,ghidra.app.cmd.function,AddFunctionTagCmd,getStatusMsg,3,1,0
cmd,ghidra.app.cmd.function,AddFunctionTagCmd,getName,3,1,0
cmd,ghidra.app.cmd.function,AddMemoryParameterCommand,AddMemoryParameterCommand,7,1,6
cmd,ghidra.app.cmd.function,AddMemoryParameterCommand,getParameter,3,1,1
cmd,ghidra.app.cmd.function,AddMemoryParameterCommand,getName,3,1,0
cmd,ghidra.app.cmd.function,AddMemoryVarCmd,AddMemoryVarCmd,6,1,4
cmd,ghidra.app.cmd.function,AddMemoryVarCmd,AddMemoryVarCmd,7,1,5
cmd,ghidra.app.cmd.function,AddMemoryVarCmd,applyTo,25,3,1
cmd,ghidra.app.cmd.function,AddMemoryVarCmd,getName,3,1,0
cmd,ghidra.app.cmd.function,AddMemoryVarCmd,getStatusMsg,3,1,0
cmd,ghidra.app.cmd.function,AddParameterCommand,AddParameterCommand,6,1,4
cmd,ghidra.app.cmd.function,AddParameterCommand,AddParameterCommand,3,1,3
cmd,ghidra.app.cmd.function,AddParameterCommand,getParameter,3,1,1
cmd,ghidra.app.cmd.function,AddParameterCommand,applyTo,32,5,1
cmd,ghidra.app.cmd.function,AddParameterCommand,getStatusMsg,3,1,0
cmd,ghidra.app.cmd.function,AddParameterCommand,getName,3,1,0
cmd,ghidra.app.cmd.function,AddRegisterParameterCommand,AddRegisterParameterCommand,7,1,6
cmd,ghidra.app.cmd.function,AddRegisterParameterCommand,getParameter,3,1,1
cmd,ghidra.app.cmd.function,AddRegisterParameterCommand,getName,3,1,0
cmd,ghidra.app.cmd.function,AddRegisterVarCmd,AddRegisterVarCmd,6,1,4
cmd,ghidra.app.cmd.function,AddRegisterVarCmd,AddRegisterVarCmd,7,1,5
cmd,ghidra.app.cmd.function,AddRegisterVarCmd,applyTo,25,3,1
cmd,ghidra.app.cmd.function,AddRegisterVarCmd,getName,3,1,0
cmd,ghidra.app.cmd.function,AddRegisterVarCmd,getStatusMsg,3,1,0
cmd,ghidra.app.cmd.function,AddStackParameterCommand,AddStackParameterCommand,8,1,6
cmd,ghidra.app.cmd.function,AddStackParameterCommand,getParameter,3,1,1
cmd,ghidra.app.cmd.function,AddStackParameterCommand,getName,3,1,0
cmd,ghidra.app.cmd.function,AddStackVarCmd,AddStackVarCmd,7,1,5
cmd,ghidra.app.cmd.function,AddStackVarCmd,applyTo,27,4,1
cmd,ghidra.app.cmd.function,AddStackVarCmd,getName,3,1,0
cmd,ghidra.app.cmd.function,AddStackVarCmd,getStatusMsg,3,1,0
cmd,ghidra.app.cmd.function,ApplyFunctionDataTypesCmd,ApplyFunctionDataTypesCmd,8,1,5
cmd,ghidra.app.cmd.function,ApplyFunctionDataTypesCmd,ApplyFunctionDataTypesCmd,8,1,5
cmd,ghidra.app.cmd.function,ApplyFunctionDataTypesCmd,getRootCategories,7,2,1
cmd,ghidra.app.cmd.function,ApplyFunctionDataTypesCmd,applyTo,12,1,2
cmd,ghidra.app.cmd.function,ApplyFunctionDataTypesCmd,createSymMap,13,2,0
cmd,ghidra.app.cmd.function,ApplyFunctionDataTypesCmd,getSymbols,17,5,2
cmd,ghidra.app.cmd.function,ApplyFunctionDataTypesCmd,getValidName,8,2,1
cmd,ghidra.app.cmd.function,ApplyFunctionDataTypesCmd,applyFunctionDefinitions,14,3,2
cmd,ghidra.app.cmd.function,ApplyFunctionDataTypesCmd,collectFunctionDefinitions,23,6,3
cmd,ghidra.app.cmd.function,ApplyFunctionDataTypesCmd,checkForSymbol,9,3,5
cmd,ghidra.app.cmd.function,ApplyFunctionDataTypesCmd,checkDoApplyFunctionDefinition,42,10,4
cmd,ghidra.app.cmd.function,ApplyFunctionDataTypesCmd,isValidFunctionStart,17,5,2
cmd,ghidra.app.cmd.function,ApplyFunctionDataTypesCmd,getInstructionBefore,15,4,1
cmd,ghidra.app.cmd.function,ApplyFunctionDataTypesCmd,applyFunction,11,3,2
cmd,ghidra.app.cmd.function,ApplyFunctionDataTypesCmd,getMostTrustedParameterSource,11,3,1
cmd,ghidra.app.cmd.function,ApplyFunctionDataTypesCmd,lookupSymbol,15,4,3
cmd,ghidra.app.cmd.function,ApplyFunctionSignatureCmd,ApplyFunctionSignatureCmd,3,1,3
cmd,ghidra.app.cmd.function,ApplyFunctionSignatureCmd,ApplyFunctionSignatureCmd,3,1,5
cmd,ghidra.app.cmd.function,ApplyFunctionSignatureCmd,ApplyFunctionSignatureCmd,8,1,5
cmd,ghidra.app.cmd.function,ApplyFunctionSignatureCmd,applyTo,22,2,2
cmd,ghidra.app.cmd.function,ApplyFunctionSignatureCmd,setSignature,23,2,1
cmd,ghidra.app.cmd.function,ApplyFunctionSignatureCmd,createParameters,20,4,3
cmd,ghidra.app.cmd.function,ApplyFunctionSignatureCmd,adjustParameterNamesToAvoidConflicts,11,3,3
cmd,ghidra.app.cmd.function,ApplyFunctionSignatureCmd,getIndexOfFirstParameter,12,4,2
cmd,ghidra.app.cmd.function,ApplyFunctionSignatureCmd,getCallingConvention,11,3,2
cmd,ghidra.app.cmd.function,ApplyFunctionSignatureCmd,updateStackPurgeSize,50,13,2
cmd,ghidra.app.cmd.function,ApplyFunctionSignatureCmd,setName,19,4,2
cmd,ghidra.app.cmd.function,ApplyFunctionSignatureCmd,settleCDataType,14,4,2
cmd,ghidra.app.cmd.function,ApplyFunctionSignatureCmd,getUniqueParameterName,10,3,3
cmd,ghidra.app.cmd.function,ApplyFunctionSignatureCmd,removeCodeSymbol,7,2,3
cmd,ghidra.app.cmd.function,ApplyFunctionSignatureCmd,getUniqueName,10,3,3
cmd,ghidra.app.cmd.function,CallDepthChangeInfo,CallDepthChangeInfo,10,1,1
cmd,ghidra.app.cmd.function,CallDepthChangeInfo,CallDepthChangeInfo,3,1,2
cmd,ghidra.app.cmd.function,CallDepthChangeInfo,CallDepthChangeInfo,7,2,4
cmd,ghidra.app.cmd.function,CallDepthChangeInfo,CallDepthChangeInfo,5,1,5
cmd,ghidra.app.cmd.function,CallDepthChangeInfo,initialize,11,1,4
cmd,ghidra.app.cmd.function,CallDepthChangeInfo,getCallChange,9,1,1
cmd,ghidra.app.cmd.function,CallDepthChangeInfo,setDepth,3,1,2
cmd,ghidra.app.cmd.function,CallDepthChangeInfo,setDepth,3,1,2
cmd,ghidra.app.cmd.function,CallDepthChangeInfo,getDepth,9,1,1
cmd,ghidra.app.cmd.function,CallDepthChangeInfo,getInstructionStackDepthChange,3,1,1
cmd,ghidra.app.cmd.function,CallDepthChangeInfo,getInstructionStackDepthChange,127,35,3
cmd,ghidra.app.cmd.function,CallDepthChangeInfo,isStackPointer,11,3,1
cmd,ghidra.app.cmd.function,CallDepthChangeInfo,getStackDepthChange,13,2,2
cmd,ghidra.app.cmd.function,CallDepthChangeInfo,setStackDepthChange,8,2,3
cmd,ghidra.app.cmd.function,CallDepthChangeInfo,removeStackDepthChange,8,2,2
cmd,ghidra.app.cmd.function,CallDepthChangeInfo,getStackDepthChanges,8,2,2
cmd,ghidra.app.cmd.function,CallDepthChangeInfo,followFlows,65,10,3
cmd,ghidra.app.cmd.function,CallDepthChangeInfo,evaluateContextBefore,14,2,2
cmd,ghidra.app.cmd.function,CallDepthChangeInfo,evaluateContext,18,4,2
cmd,ghidra.app.cmd.function,CallDepthChangeInfo,evaluateSymbolicReference,7,2,3
cmd,ghidra.app.cmd.function,CallDepthChangeInfo,checkForStackOffset,5,2,4
cmd,ghidra.app.cmd.function,CallDepthChangeInfo,getStackPurge,3,1,0
cmd,ghidra.app.cmd.function,CallDepthChangeInfo,getStackOffset,32,8,2
cmd,ghidra.app.cmd.function,CallDepthChangeInfo,getSPDepth,3,1,1
cmd,ghidra.app.cmd.function,CallDepthChangeInfo,getRegDepth,25,7,2
cmd,ghidra.app.cmd.function,CallDepthChangeInfo,getRegValueRepresentation,3,1,2
cmd,ghidra.app.cmd.function,CaptureFunctionDataTypesCmd,CaptureFunctionDataTypesCmd,6,1,3
cmd,ghidra.app.cmd.function,CaptureFunctionDataTypesCmd,applyTo,25,2,2
cmd,ghidra.app.cmd.function,CaptureFunctionDataTypesCmd,taskCompleted,4,1,0
cmd,ghidra.app.cmd.function,CaptureFunctionDataTypesListener,captureFunctionDataTypesCompleted,0,1,1
cmd,ghidra.app.cmd.function,ChangeFunctionTagCmd,ChangeFunctionTagCmd,8,2,3
cmd,ghidra.app.cmd.function,ChangeFunctionTagCmd,applyTo,17,3,1
cmd,ghidra.app.cmd.function,ChangeFunctionTagCmd,getStatusMsg,3,1,0
cmd,ghidra.app.cmd.function,ChangeFunctionTagCmd,getName,3,1,0
cmd,ghidra.app.cmd.function,CreateExternalFunctionCmd,CreateExternalFunctionCmd,7,2,1
cmd,ghidra.app.cmd.function,CreateExternalFunctionCmd,CreateExternalFunctionCmd,12,3,4
cmd,ghidra.app.cmd.function,CreateExternalFunctionCmd,CreateExternalFunctionCmd,15,4,4
cmd,ghidra.app.cmd.function,CreateExternalFunctionCmd,applyTo,16,4,1
cmd,ghidra.app.cmd.function,CreateExternalFunctionCmd,createExternalFunction,21,2,1
cmd,ghidra.app.cmd.function,CreateExternalFunctionCmd,getStatusMsg,3,1,0
cmd,ghidra.app.cmd.function,CreateExternalFunctionCmd,getName,3,1,0
cmd,ghidra.app.cmd.function,CreateExternalFunctionCmd,getExtSymbol,3,1,0
cmd,ghidra.app.cmd.function,CreateFunctionCmd,CreateFunctionCmd,9,1,6
cmd,ghidra.app.cmd.function,CreateFunctionCmd,CreateFunctionCmd,3,1,6
cmd,ghidra.app.cmd.function,CreateFunctionCmd,CreateFunctionCmd,3,1,2
cmd,ghidra.app.cmd.function,CreateFunctionCmd,CreateFunctionCmd,3,1,1
cmd,ghidra.app.cmd.function,CreateFunctionCmd,CreateFunctionCmd,3,1,2
cmd,ghidra.app.cmd.function,CreateFunctionCmd,CreateFunctionCmd,3,1,4
cmd,ghidra.app.cmd.function,CreateFunctionCmd,CreateFunctionCmd,4,1,2
cmd,ghidra.app.cmd.function,CreateFunctionCmd,CreateFunctionCmd,3,1,1
cmd,ghidra.app.cmd.function,CreateFunctionCmd,CreateFunctionCmd,3,1,2
cmd,ghidra.app.cmd.function,CreateFunctionCmd,applyTo,83,13,2
cmd,ghidra.app.cmd.function,CreateFunctionCmd,getFunction,3,1,0
cmd,ghidra.app.cmd.function,CreateFunctionCmd,createFunction,44,11,6
cmd,ghidra.app.cmd.function,CreateFunctionCmd,createFunction,25,6,7
cmd,ghidra.app.cmd.function,CreateFunctionCmd,subtractBodyFromExisting,38,7,5
cmd,ghidra.app.cmd.function,CreateFunctionCmd,handleExistingFunction,15,5,3
cmd,ghidra.app.cmd.function,CreateFunctionCmd,resolveThunk,18,5,3
cmd,ghidra.app.cmd.function,CreateFunctionCmd,restoreOriginalBodies,13,2,1
cmd,ghidra.app.cmd.function,CreateFunctionCmd,findFunctionEntry,26,6,1
cmd,ghidra.app.cmd.function,CreateFunctionCmd,getFunctionBody,3,1,3
cmd,ghidra.app.cmd.function,CreateFunctionCmd,getFunctionBody,3,1,2
cmd,ghidra.app.cmd.function,CreateFunctionCmd,getFunctionBody,3,1,3
cmd,ghidra.app.cmd.function,CreateFunctionCmd,getFunctionBody,9,2,4
cmd,ghidra.app.cmd.function,CreateFunctionCmd,fixupFunctionBody,7,2,3
cmd,ghidra.app.cmd.function,CreateFunctionCmd,fixupFunctionBody,31,5,3
cmd,ghidra.app.cmd.function,CreateFunctionCmd,resolveThunk,11,3,4
cmd,ghidra.app.cmd.function,CreateFunctionDefinitionCmd,CreateFunctionDefinitionCmd,4,1,2
cmd,ghidra.app.cmd.function,CreateFunctionDefinitionCmd,getName,3,1,0
cmd,ghidra.app.cmd.function,CreateFunctionDefinitionCmd,applyTo,29,4,1
cmd,ghidra.app.cmd.function,CreateFunctionDefinitionCmd,getStatusMsg,3,1,0
cmd,ghidra.app.cmd.function,CreateFunctionTagCmd,CreateFunctionTagCmd,4,1,1
cmd,ghidra.app.cmd.function,CreateFunctionTagCmd,CreateFunctionTagCmd,4,1,2
cmd,ghidra.app.cmd.function,CreateFunctionTagCmd,applyTo,7,1,1
cmd,ghidra.app.cmd.function,CreateFunctionTagCmd,getName,3,1,0
cmd,ghidra.app.cmd.function,CreateFunctionTagCmd,getStatusMsg,3,1,0
cmd,ghidra.app.cmd.function,CreateMultipleFunctionsCmd,CreateMultipleFunctionsCmd,5,1,2
cmd,ghidra.app.cmd.function,CreateMultipleFunctionsCmd,applyTo,33,6,2
cmd,ghidra.app.cmd.function,CreateMultipleFunctionsCmd,createFunction,7,2,3
cmd,ghidra.app.cmd.function,CreateThunkFunctionCmd,CreateThunkFunctionCmd,6,2,4
cmd,ghidra.app.cmd.function,CreateThunkFunctionCmd,CreateThunkFunctionCmd,7,1,3
cmd,ghidra.app.cmd.function,CreateThunkFunctionCmd,CreateThunkFunctionCmd,4,1,3
cmd,ghidra.app.cmd.function,CreateThunkFunctionCmd,CreateThunkFunctionCmd,4,1,2
cmd,ghidra.app.cmd.function,CreateThunkFunctionCmd,applyTo,74,14,2
cmd,ghidra.app.cmd.function,CreateThunkFunctionCmd,computeThunkBody,16,4,1
cmd,ghidra.app.cmd.function,CreateThunkFunctionCmd,getReferencedFunction,86,23,3
cmd,ghidra.app.cmd.function,CreateThunkFunctionCmd,getFirstBlockJumpCall,20,4,2
cmd,ghidra.app.cmd.function,CreateThunkFunctionCmd,getExternalFunction,21,3,1
cmd,ghidra.app.cmd.function,CreateThunkFunctionCmd,resolveComputableFlow,39,5,3
cmd,ghidra.app.cmd.function,CreateThunkFunctionCmd,evaluateReference,8,2,7
cmd,ghidra.app.cmd.function,CreateThunkFunctionCmd,allowAccess,3,1,2
cmd,ghidra.app.cmd.function,CreateThunkFunctionCmd,propogateCodeMode,13,3,2
cmd,ghidra.app.cmd.function,CreateThunkFunctionCmd,getThunkFunction,3,1,0
cmd,ghidra.app.cmd.function,CreateThunkFunctionCmd,getReferencedFunction,3,1,0
cmd,ghidra.app.cmd.function,CreateThunkFunctionCmd,getThunkedAddr,3,1,2
cmd,ghidra.app.cmd.function,CreateThunkFunctionCmd,getThunkedAddr,44,10,3
cmd,ghidra.app.cmd.function,CreateThunkFunctionCmd,addSetRegisters,17,5,3
cmd,ghidra.app.cmd.function,CreateThunkFunctionCmd,getThunkedExternalFunctionAddress,23,4,2
cmd,ghidra.app.cmd.function,CreateThunkFunctionCmd,isLocalBranch,17,5,3
cmd,ghidra.app.cmd.function,CreateThunkFunctionCmd,getFlowingAddrFromFinalState,21,6,6
cmd,ghidra.app.cmd.function,CreateThunkFunctionCmd,getSimpleFlow,11,3,1
cmd,ghidra.app.cmd.function,CreateThunkFunctionCmd,addRegisterUsage,31,10,6
cmd,ghidra.app.cmd.function,CreateThunkFunctionCmd,containsRegister,15,4,3
cmd,ghidra.app.cmd.function,CreateThunkFunctionCmd,getFlowingAddress,34,9,2
cmd,ghidra.app.cmd.function,CreateThunkFunctionCmd,isThunk,7,2,2
cmd,ghidra.app.cmd.function,DeleteFunctionCmd,DeleteFunctionCmd,3,1,1
cmd,ghidra.app.cmd.function,DeleteFunctionCmd,DeleteFunctionCmd,4,1,2
cmd,ghidra.app.cmd.function,DeleteFunctionCmd,getName,3,1,0
cmd,ghidra.app.cmd.function,DeleteFunctionCmd,applyTo,16,4,1
cmd,ghidra.app.cmd.function,DeleteFunctionCmd,getStatusMsg,3,1,0
cmd,ghidra.app.cmd.function,DeleteFunctionTagCmd,DeleteFunctionTagCmd,3,1,1
cmd,ghidra.app.cmd.function,DeleteFunctionTagCmd,applyTo,9,2,2
cmd,ghidra.app.cmd.function,DeleteVariableCmd,DeleteVariableCmd,3,1,1
cmd,ghidra.app.cmd.function,DeleteVariableCmd,getName,3,1,0
cmd,ghidra.app.cmd.function,DeleteVariableCmd,applyTo,5,1,1
cmd,ghidra.app.cmd.function,DeleteVariableCmd,getStatusMsg,3,1,0
cmd,ghidra.app.cmd.function,FunctionPurgeAnalysisCmd,FunctionPurgeAnalysisCmd,4,1,1
cmd,ghidra.app.cmd.function,FunctionPurgeAnalysisCmd,applyTo,34,6,2
cmd,ghidra.app.cmd.function,FunctionPurgeAnalysisCmd,setupNearFarModels,40,12,0
cmd,ghidra.app.cmd.function,FunctionPurgeAnalysisCmd,analyzeFunction,16,5,2
cmd,ghidra.app.cmd.function,FunctionPurgeAnalysisCmd,setPrototypeModel,38,9,2
cmd,ghidra.app.cmd.function,FunctionPurgeAnalysisCmd,locatePurgeInstruction,10,2,2
cmd,ghidra.app.cmd.function,FunctionPurgeAnalysisCmd,getPurgeValue,22,6,1
cmd,ghidra.app.cmd.function,FunctionPurgeAnalysisCmd,findPurgeInstruction,20,5,1
cmd,ghidra.app.cmd.function,FunctionResultStateStackAnalysisCmd,FunctionResultStateStackAnalysisCmd,5,1,2
cmd,ghidra.app.cmd.function,FunctionResultStateStackAnalysisCmd,FunctionResultStateStackAnalysisCmd,3,1,2
cmd,ghidra.app.cmd.function,FunctionResultStateStackAnalysisCmd,applyTo,28,5,2
cmd,ghidra.app.cmd.function,FunctionResultStateStackAnalysisCmd,analyzeFunction,65,14,3
cmd,ghidra.app.cmd.function,FunctionResultStateStackAnalysisCmd,createStackPointerVariables,92,16,2
cmd,ghidra.app.cmd.function,FunctionResultStateStackAnalysisCmd,dataReference,2,1,5
cmd,ghidra.app.cmd.function,FunctionResultStateStackAnalysisCmd,indirectDataReference,2,1,7
cmd,ghidra.app.cmd.function,FunctionResultStateStackAnalysisCmd,resolvedFlow,3,1,6
cmd,ghidra.app.cmd.function,FunctionResultStateStackAnalysisCmd,stackReference,46,10,7
cmd,ghidra.app.cmd.function,FunctionResultStateStackAnalysisCmd,stackReference,2,1,7
cmd,ghidra.app.cmd.function,FunctionResultStateStackAnalysisCmd,unresolvedIndirectFlow,3,1,6
cmd,ghidra.app.cmd.function,FunctionResultStateStackAnalysisCmd,simplifyVarnode,7,2,2
cmd,ghidra.app.cmd.function,FunctionResultStateStackAnalysisCmd,replaceInputVarnodes,23,6,5
cmd,ghidra.app.cmd.function,FunctionStackAnalysisCmd,FunctionStackAnalysisCmd,3,1,2
cmd,ghidra.app.cmd.function,FunctionStackAnalysisCmd,FunctionStackAnalysisCmd,3,1,2
cmd,ghidra.app.cmd.function,FunctionStackAnalysisCmd,FunctionStackAnalysisCmd,7,1,4
cmd,ghidra.app.cmd.function,FunctionStackAnalysisCmd,applyTo,28,5,2
cmd,ghidra.app.cmd.function,FunctionStackAnalysisCmd,analyzeFunction,35,8,2
cmd,ghidra.app.cmd.function,FunctionStackAnalysisCmd,createStackPointerVariables,20,5,2
cmd,ghidra.app.cmd.function,FunctionStackAnalysisCmd,defineFuncVariable,23,3,4
cmd,ghidra.app.cmd.function,FunctionStackAnalysisCmd,getRefSize,22,6,2
cmd,ghidra.app.cmd.function,FunctionStackAnalysisCmd,createVar,29,7,4
cmd,ghidra.app.cmd.function,NewFunctionStackAnalysisCmd,NewFunctionStackAnalysisCmd,3,1,2
cmd,ghidra.app.cmd.function,NewFunctionStackAnalysisCmd,NewFunctionStackAnalysisCmd,3,1,2
cmd,ghidra.app.cmd.function,NewFunctionStackAnalysisCmd,NewFunctionStackAnalysisCmd,7,1,4
cmd,ghidra.app.cmd.function,NewFunctionStackAnalysisCmd,applyTo,31,6,2
cmd,ghidra.app.cmd.function,NewFunctionStackAnalysisCmd,analyzeFunction,39,9,2
cmd,ghidra.app.cmd.function,NewFunctionStackAnalysisCmd,isProtectedVariable,3,1,1
cmd,ghidra.app.cmd.function,NewFunctionStackAnalysisCmd,addFunctionStackVariablesToSortedList,20,4,2
cmd,ghidra.app.cmd.function,NewFunctionStackAnalysisCmd,createStackPointerVariables,88,19,2
cmd,ghidra.app.cmd.function,NewFunctionStackAnalysisCmd,evaluateContext,21,7,2
cmd,ghidra.app.cmd.function,NewFunctionStackAnalysisCmd,evaluateSymbolicReference,7,2,3
cmd,ghidra.app.cmd.function,NewFunctionStackAnalysisCmd,checkForStackOffset,28,8,4
cmd,ghidra.app.cmd.function,NewFunctionStackAnalysisCmd,extendOffset,3,1,2
cmd,ghidra.app.cmd.function,NewFunctionStackAnalysisCmd,addStackLocalVariables,22,6,4
cmd,ghidra.app.cmd.function,NewFunctionStackAnalysisCmd,addStackParameters,68,16,4
cmd,ghidra.app.cmd.function,NewFunctionStackAnalysisCmd,addMissingParameters,51,10,6
cmd,ghidra.app.cmd.function,NewFunctionStackAnalysisCmd,getStackOpIndex,34,8,3
cmd,ghidra.app.cmd.function,NewFunctionStackAnalysisCmd,defineFuncVariable,25,5,5
cmd,ghidra.app.cmd.function,NewFunctionStackAnalysisCmd,getRefSize,22,6,2
cmd,ghidra.app.cmd.function,NewFunctionStackAnalysisCmd,getVariablesIntersecting,18,4,3
cmd,ghidra.app.cmd.function,NewFunctionStackAnalysisCmd,getVariableContaining,23,5,2
cmd,ghidra.app.cmd.function,NewFunctionStackAnalysisCmd,addVariableToSortedList,8,2,2
cmd,ghidra.app.cmd.function,NewFunctionStackAnalysisCmd,accumulateVariable,50,10,4
cmd,ghidra.app.cmd.function,RemoveFunctionTagCmd,RemoveFunctionTagCmd,4,1,2
cmd,ghidra.app.cmd.function,RemoveFunctionTagCmd,applyTo,7,1,1
cmd,ghidra.app.cmd.function,RemoveFunctionTagCmd,getName,3,1,0
cmd,ghidra.app.cmd.function,RemoveFunctionTagCmd,getStatusMsg,3,1,0
cmd,ghidra.app.cmd.function,RemoveStackDepthChangeCommand,RemoveStackDepthChangeCommand,4,1,2
cmd,ghidra.app.cmd.function,RemoveStackDepthChangeCommand,applyTo,3,1,1
cmd,ghidra.app.cmd.function,RemoveStackDepthChangeCommand,getName,3,1,0
cmd,ghidra.app.cmd.function,RemoveStackDepthChangeCommand,getStatusMsg,3,1,0
cmd,ghidra.app.cmd.function,SetFunctionNameCmd,SetFunctionNameCmd,5,1,3
cmd,ghidra.app.cmd.function,SetFunctionNameCmd,applyTo,18,3,1
cmd,ghidra.app.cmd.function,SetFunctionNameCmd,getName,3,1,0
cmd,ghidra.app.cmd.function,SetFunctionNameCmd,getStatusMsg,3,1,0
cmd,ghidra.app.cmd.function,SetFunctionPurgeCommand,SetFunctionPurgeCommand,4,1,2
cmd,ghidra.app.cmd.function,SetFunctionPurgeCommand,applyTo,4,1,1
cmd,ghidra.app.cmd.function,SetFunctionPurgeCommand,getStatusMsg,3,1,0
cmd,ghidra.app.cmd.function,SetFunctionPurgeCommand,getName,3,1,0
cmd,ghidra.app.cmd.function,SetFunctionRepeatableCommentCmd,SetFunctionRepeatableCommentCmd,4,1,2
cmd,ghidra.app.cmd.function,SetFunctionRepeatableCommentCmd,getName,3,1,0
cmd,ghidra.app.cmd.function,SetFunctionRepeatableCommentCmd,applyTo,8,2,1
cmd,ghidra.app.cmd.function,SetFunctionRepeatableCommentCmd,getStatusMsg,3,1,0
cmd,ghidra.app.cmd.function,SetFunctionVarArgsCommand,SetFunctionVarArgsCommand,4,1,2
cmd,ghidra.app.cmd.function,SetFunctionVarArgsCommand,applyTo,4,1,1
cmd,ghidra.app.cmd.function,SetFunctionVarArgsCommand,getStatusMsg,3,1,0
cmd,ghidra.app.cmd.function,SetFunctionVarArgsCommand,getName,3,1,0
cmd,ghidra.app.cmd.function,SetReturnDataTypeCmd,SetReturnDataTypeCmd,5,1,3
cmd,ghidra.app.cmd.function,SetReturnDataTypeCmd,getName,3,1,0
cmd,ghidra.app.cmd.function,SetReturnDataTypeCmd,applyTo,15,2,1
cmd,ghidra.app.cmd.function,SetReturnDataTypeCmd,getStatusMsg,3,1,0
cmd,ghidra.app.cmd.function,SetStackDepthChangeCommand,SetStackDepthChangeCommand,5,1,3
cmd,ghidra.app.cmd.function,SetStackDepthChangeCommand,applyTo,11,1,1
cmd,ghidra.app.cmd.function,SetStackDepthChangeCommand,getName,3,1,0
cmd,ghidra.app.cmd.function,SetStackDepthChangeCommand,getStatusMsg,3,1,0
cmd,ghidra.app.cmd.function,SetVariableCommentCmd,SetVariableCommentCmd,4,1,2
cmd,ghidra.app.cmd.function,SetVariableCommentCmd,getName,3,1,0
cmd,ghidra.app.cmd.function,SetVariableCommentCmd,applyTo,4,1,1
cmd,ghidra.app.cmd.function,SetVariableCommentCmd,getStatusMsg,3,1,0
cmd,ghidra.app.cmd.function,SetVariableDataTypeCmd,SetVariableDataTypeCmd,3,1,3
cmd,ghidra.app.cmd.function,SetVariableDataTypeCmd,SetVariableDataTypeCmd,3,1,4
cmd,ghidra.app.cmd.function,SetVariableDataTypeCmd,SetVariableDataTypeCmd,8,1,6
cmd,ghidra.app.cmd.function,SetVariableDataTypeCmd,getName,3,1,0
cmd,ghidra.app.cmd.function,SetVariableDataTypeCmd,applyTo,33,6,1
cmd,ghidra.app.cmd.function,SetVariableDataTypeCmd,getStatusMsg,3,1,0
cmd,ghidra.app.cmd.function,SetVariableNameCmd,SetVariableNameCmd,6,1,3
cmd,ghidra.app.cmd.function,SetVariableNameCmd,SetVariableNameCmd,6,1,4
cmd,ghidra.app.cmd.function,SetVariableNameCmd,applyTo,32,5,1
cmd,ghidra.app.cmd.function,SetVariableNameCmd,getStatusMsg,3,1,0
cmd,ghidra.app.cmd.function,SetVariableNameCmd,getName,3,1,0
cmd,ghidra.app.cmd.label,AddLabelCmd,AddLabelCmd,7,1,4
cmd,ghidra.app.cmd.label,AddLabelCmd,AddLabelCmd,6,1,4
cmd,ghidra.app.cmd.label,AddLabelCmd,AddLabelCmd,3,1,3
cmd,ghidra.app.cmd.label,AddLabelCmd,applyTo,19,3,1
cmd,ghidra.app.cmd.label,AddLabelCmd,getStatusMsg,3,1,0
cmd,ghidra.app.cmd.label,AddLabelCmd,getName,3,1,0
cmd,ghidra.app.cmd.label,AddLabelCmd,getLabelName,3,1,0
cmd,ghidra.app.cmd.label,AddLabelCmd,getLabelAddr,3,1,0
cmd,ghidra.app.cmd.label,AddLabelCmd,setLabelAddr,3,1,1
cmd,ghidra.app.cmd.label,AddLabelCmd,setLabelName,3,1,1
cmd,ghidra.app.cmd.label,AddLabelCmd,setNamespace,3,1,1
cmd,ghidra.app.cmd.label,AddLabelCmd,getSymbol,3,1,0
cmd,ghidra.app.cmd.label,AddUniqueLabelCmd,AddUniqueLabelCmd,6,1,4
cmd,ghidra.app.cmd.label,AddUniqueLabelCmd,applyTo,19,2,1
cmd,ghidra.app.cmd.label,AddUniqueLabelCmd,getStatusMsg,3,1,0
cmd,ghidra.app.cmd.label,AddUniqueLabelCmd,getName,3,1,0
cmd,ghidra.app.cmd.label,AddUniqueLabelCmd,getNewSymbol,3,1,0
cmd,ghidra.app.cmd.label,CreateNamespacesCmd,CreateNamespacesCmd,3,1,2
cmd,ghidra.app.cmd.label,CreateNamespacesCmd,CreateNamespacesCmd,8,2,3
cmd,ghidra.app.cmd.label,CreateNamespacesCmd,applyTo,14,2,1
cmd,ghidra.app.cmd.label,CreateNamespacesCmd,getNamespace,3,1,0
cmd,ghidra.app.cmd.label,CreateNamespacesCmd,getStatusMsg,3,1,0
cmd,ghidra.app.cmd.label,CreateNamespacesCmd,getName,3,1,0
cmd,ghidra.app.cmd.label,DeleteLabelCmd,DeleteLabelCmd,5,1,3
cmd,ghidra.app.cmd.label,DeleteLabelCmd,DeleteLabelCmd,3,1,2
cmd,ghidra.app.cmd.label,DeleteLabelCmd,applyTo,23,6,1
cmd,ghidra.app.cmd.label,DeleteLabelCmd,getName,3,1,0
cmd,ghidra.app.cmd.label,DeleteLabelCmd,getStatusMsg,3,1,0
cmd,ghidra.app.cmd.label,DemanglerCmd,DemanglerCmd,3,1,2
cmd,ghidra.app.cmd.label,DemanglerCmd,DemanglerCmd,6,1,3
cmd,ghidra.app.cmd.label,DemanglerCmd,applyTo,15,5,2
cmd,ghidra.app.cmd.label,DemanglerCmd,doDemangle,32,4,3
cmd,ghidra.app.cmd.label,DemanglerCmd,updateStatusForUnexpectedException,10,2,1
cmd,ghidra.app.cmd.label,DemanglerCmd,getResult,3,1,0
cmd,ghidra.app.cmd.label,DemanglerCmd,getDemangledObject,3,1,0
cmd,ghidra.app.cmd.label,DemanglerCmd,getDemanglers,6,2,0
cmd,ghidra.app.cmd.label,ExternalEntryCmd,ExternalEntryCmd,4,1,2
cmd,ghidra.app.cmd.label,ExternalEntryCmd,applyTo,10,2,1
cmd,ghidra.app.cmd.label,ExternalEntryCmd,getName,3,1,0
cmd,ghidra.app.cmd.label,ExternalEntryCmd,getStatusMsg,3,1,0
cmd,ghidra.app.cmd.label,PinSymbolCmd,PinSymbolCmd,5,1,3
cmd,ghidra.app.cmd.label,PinSymbolCmd,applyTo,10,2,1
cmd,ghidra.app.cmd.label,PinSymbolCmd,getStatusMsg,3,1,0
cmd,ghidra.app.cmd.label,PinSymbolCmd,getName,3,1,0
cmd,ghidra.app.cmd.label,RenameLabelCmd,RenameLabelCmd,3,1,4
cmd,ghidra.app.cmd.label,RenameLabelCmd,RenameLabelCmd,3,1,3
cmd,ghidra.app.cmd.label,RenameLabelCmd,RenameLabelCmd,9,1,4
cmd,ghidra.app.cmd.label,RenameLabelCmd,RenameLabelCmd,8,1,6
cmd,ghidra.app.cmd.label,RenameLabelCmd,getName,3,1,0
cmd,ghidra.app.cmd.label,RenameLabelCmd,getStatusMsg,3,1,0
cmd,ghidra.app.cmd.label,RenameLabelCmd,applyTo,43,8,1
cmd,ghidra.app.cmd.label,RenameLabelCmd,parseNameAndNamespace,13,3,3
cmd,ghidra.app.cmd.label,RenameLabelCmd,getSymbol,22,5,1
cmd,ghidra.app.cmd.label,RenameLabelCmd,getOrCreateNamespaces,24,6,3
cmd,ghidra.app.cmd.label,RenameLabelCmd,getSymbolPath,7,2,1
cmd,ghidra.app.cmd.label,SetLabelNamespaceCmd,SetLabelNamespaceCmd,6,1,4
cmd,ghidra.app.cmd.label,SetLabelNamespaceCmd,applyTo,22,2,1
cmd,ghidra.app.cmd.label,SetLabelNamespaceCmd,getName,3,1,0
cmd,ghidra.app.cmd.label,SetLabelNamespaceCmd,getStatusMsg,3,1,0
cmd,ghidra.app.cmd.label,SetLabelPrimaryCmd,SetLabelPrimaryCmd,5,1,3
cmd,ghidra.app.cmd.label,SetLabelPrimaryCmd,applyTo,57,10,1
cmd,ghidra.app.cmd.label,SetLabelPrimaryCmd,getStatusMsg,3,1,0
cmd,ghidra.app.cmd.label,SetLabelPrimaryCmd,getName,3,1,0
cmd,ghidra.app.cmd.label,SetLabelPrimaryCmd,getSymbol,3,1,0
cmd,ghidra.app.cmd.memory,AbstractAddMemoryBlockCmd,AbstractAddMemoryBlockCmd,12,1,10
cmd,ghidra.app.cmd.memory,AbstractAddMemoryBlockCmd,getStatusMsg,3,1,0
cmd,ghidra.app.cmd.memory,AbstractAddMemoryBlockCmd,getName,3,1,0
cmd,ghidra.app.cmd.memory,AbstractAddMemoryBlockCmd,createMemoryBlock,0,1,1
cmd,ghidra.app.cmd.memory,AbstractAddMemoryBlockCmd,applyTo,32,1,1
cmd,ghidra.app.cmd.memory,AbstractAddMemoryBlockCmd,renameFragment,8,2,2
cmd,ghidra.app.cmd.memory,AbstractAddMemoryBlockCmd,renameFragment,8,2,2
cmd,ghidra.app.cmd.memory,AbstractAddMemoryBlockCmd,doRenameFragment,9,1,2
cmd,ghidra.app.cmd.memory,AddBitMappedMemoryBlockCmd,AddBitMappedMemoryBlockCmd,4,1,11
cmd,ghidra.app.cmd.memory,AddBitMappedMemoryBlockCmd,createMemoryBlock,3,1,1
cmd,ghidra.app.cmd.memory,AddByteMappedMemoryBlockCmd,AddByteMappedMemoryBlockCmd,5,1,12
cmd,ghidra.app.cmd.memory,AddByteMappedMemoryBlockCmd,AddByteMappedMemoryBlockCmd,3,1,11
cmd,ghidra.app.cmd.memory,AddByteMappedMemoryBlockCmd,createMemoryBlock,3,1,1
cmd,ghidra.app.cmd.memory,AddFileBytesMemoryBlockCmd,AddFileBytesMemoryBlockCmd,5,1,12
cmd,ghidra.app.cmd.memory,AddFileBytesMemoryBlockCmd,createMemoryBlock,3,1,1
cmd,ghidra.app.cmd.memory,AddInitializedMemoryBlockCmd,AddInitializedMemoryBlockCmd,4,1,11
cmd,ghidra.app.cmd.memory,AddInitializedMemoryBlockCmd,createMemoryBlock,3,1,1
cmd,ghidra.app.cmd.memory,AddUninitializedMemoryBlockCmd,AddUninitializedMemoryBlockCmd,3,1,10
cmd,ghidra.app.cmd.memory,AddUninitializedMemoryBlockCmd,createMemoryBlock,3,1,1
cmd,ghidra.app.cmd.memory,DeleteBlockCmd,DeleteBlockCmd,5,1,2
cmd,ghidra.app.cmd.memory,DeleteBlockCmd,applyTo,25,4,2
cmd,ghidra.app.cmd.memory,DeleteBlockCmd,getStatus,3,1,0
cmd,ghidra.app.cmd.memory,DeleteBlockCmd,taskCompleted,3,1,0
cmd,ghidra.app.cmd.memory,DeleteBlockListener,deleteBlockCompleted,0,1,1
cmd,ghidra.app.cmd.memory,MoveBlockListener,stateChanged,0,1,0
cmd,ghidra.app.cmd.memory,MoveBlockListener,moveBlockCompleted,0,1,1
cmd,ghidra.app.cmd.memory,MoveBlockTask,MoveBlockTask,6,1,4
cmd,ghidra.app.cmd.memory,MoveBlockTask,doRun,40,3,1
cmd,ghidra.app.cmd.memory,MoveBlockTask,isCancelled,3,1,0
cmd,ghidra.app.cmd.memory,MoveBlockTask,wasSuccessful,3,1,0
cmd,ghidra.app.cmd.memory,MoveBlockTask,getStatusMessage,3,1,0
cmd,ghidra.app.cmd.module,AbstractModularizationCmd,AbstractModularizationCmd,8,1,5
cmd,ghidra.app.cmd.module,AbstractModularizationCmd,applyModel,0,1,0
cmd,ghidra.app.cmd.module,AbstractModularizationCmd,applyTo,24,1,2
cmd,ghidra.app.cmd.module,AbstractModularizationCmd,cleanEmpty,4,1,0
cmd,ghidra.app.cmd.module,AbstractModularizationCmd,getAddressesForGroup,10,3,0
cmd,ghidra.app.cmd.module,AbstractModularizationCmd,getModuleAddresses,5,1,1
cmd,ghidra.app.cmd.module,AbstractModularizationCmd,getAddressSet,15,4,2
cmd,ghidra.app.cmd.module,AbstractModularizationCmd,createCallGraph,19,4,0
cmd,ghidra.app.cmd.module,AbstractModularizationCmd,addEdgesForDestinations,18,4,4
cmd,ghidra.app.cmd.module,AbstractModularizationCmd,getDestinationBlock,12,3,1
cmd,ghidra.app.cmd.module,AbstractModularizationCmd,skipAddress,6,2,1
cmd,ghidra.app.cmd.module,AbstractModularizationCmd,getCallGraphBlocks,10,3,0
cmd,ghidra.app.cmd.module,AbstractModularizationCmd,makeFragment,17,3,3
cmd,ghidra.app.cmd.module,AbstractModularizationCmd,createFragment,13,2,2
cmd,ghidra.app.cmd.module,AbstractModularizationCmd,createModule,12,2,2
cmd,ghidra.app.cmd.module,AbstractModularizationCmd,setModuleName,13,2,2
cmd,ghidra.app.cmd.module,AbstractModularizationCmd,cleanTreeWithoutRename,7,1,1
cmd,ghidra.app.cmd.module,AbstractModularizationCmd,cleanTree,5,1,1
cmd,ghidra.app.cmd.module,AbstractModularizationCmd,cleanTree,26,7,3
cmd,ghidra.app.cmd.module,AbstractModularizationCmd,rename,11,1,1
cmd,ghidra.app.cmd.module,ComplexityDepthModularizationCmd,ComplexityDepthModularizationCmd,3,1,4
cmd,ghidra.app.cmd.module,ComplexityDepthModularizationCmd,applyModel,5,1,0
cmd,ghidra.app.cmd.module,ComplexityDepthModularizationCmd,rebuildProgramTree,11,3,1
cmd,ghidra.app.cmd.module,ComplexityDepthModularizationCmd,partitionVerticesByReverseLevel,15,4,1
cmd,ghidra.app.cmd.module,ComplexityDepthModularizationCmd,getMaxLevel,9,3,1
cmd,ghidra.app.cmd.module,CreateDefaultTreeCmd,CreateDefaultTreeCmd,3,1,1
cmd,ghidra.app.cmd.module,CreateDefaultTreeCmd,applyTo,13,1,1
cmd,ghidra.app.cmd.module,CreateDefaultTreeCmd,createRootModule,6,1,2
cmd,ghidra.app.cmd.module,CreateDefaultTreeCmd,renameFragments,12,2,2
cmd,ghidra.app.cmd.module,CreateDefaultTreeCmd,getStatusMsg,3,1,0
cmd,ghidra.app.cmd.module,CreateDefaultTreeCmd,getName,3,1,0
cmd,ghidra.app.cmd.module,CreateFolderCommand,CreateFolderCommand,5,1,3
cmd,ghidra.app.cmd.module,CreateFolderCommand,applyTo,17,2,1
cmd,ghidra.app.cmd.module,CreateFolderCommand,getStatusMsg,3,1,0
cmd,ghidra.app.cmd.module,CreateFolderCommand,getName,3,1,0
cmd,ghidra.app.cmd.module,CreateFragmentCmd,CreateFragmentCmd,5,1,3
cmd,ghidra.app.cmd.module,CreateFragmentCmd,applyTo,17,2,1
cmd,ghidra.app.cmd.module,CreateFragmentCmd,getStatusMsg,3,1,0
cmd,ghidra.app.cmd.module,CreateFragmentCmd,getName,3,1,0
cmd,ghidra.app.cmd.module,DeleteTreeCmd,DeleteTreeCmd,3,1,1
cmd,ghidra.app.cmd.module,DeleteTreeCmd,applyTo,4,1,1
cmd,ghidra.app.cmd.module,DeleteTreeCmd,getStatusMsg,3,1,0
cmd,ghidra.app.cmd.module,DeleteTreeCmd,getName,3,1,0
cmd,ghidra.app.cmd.module,DominanceModularizationCmd,DominanceModularizationCmd,3,1,4
cmd,ghidra.app.cmd.module,DominanceModularizationCmd,applyModel,6,1,0
cmd,ghidra.app.cmd.module,DominanceModularizationCmd,createRoot,13,3,2
cmd,ghidra.app.cmd.module,DominanceModularizationCmd,rebuildProgramTree,13,3,3
cmd,ghidra.app.cmd.module,MergeFolderCmd,MergeFolderCmd,5,1,3
cmd,ghidra.app.cmd.module,MergeFolderCmd,applyTo,47,7,1
cmd,ghidra.app.cmd.module,MergeFolderCmd,getStatusMsg,3,1,0
cmd,ghidra.app.cmd.module,MergeFolderCmd,getName,3,1,0
cmd,ghidra.app.cmd.module,ModuleAlgorithmCmd,ModuleAlgorithmCmd,7,1,4
cmd,ghidra.app.cmd.module,ModuleAlgorithmCmd,applyTo,20,3,2
cmd,ghidra.app.cmd.module,ModuleAlgorithmCmd,setPluginTool,3,1,1
cmd,ghidra.app.cmd.module,ModuleAlgorithmCmd,applyModel,85,14,3
cmd,ghidra.app.cmd.module,ModuleAlgorithmCmd,createFragment,16,2,2
cmd,ghidra.app.cmd.module,ModuleAlgorithmCmd,createModule,16,2,2
cmd,ghidra.app.cmd.module,ModuleAlgorithmCmd,moveCodeUnits,7,2,3
cmd,ghidra.app.cmd.module,ModuleAlgorithmCmd,cleanTree,36,8,1
cmd,ghidra.app.cmd.module,ModuleAlgorithmCmd,createModule,16,2,2
cmd,ghidra.app.cmd.module,RenameCmd,RenameCmd,13,2,5
cmd,ghidra.app.cmd.module,RenameCmd,RenameCmd,3,1,4
cmd,ghidra.app.cmd.module,RenameCmd,applyTo,4,1,1
cmd,ghidra.app.cmd.module,RenameCmd,getStatusMsg,3,1,0
cmd,ghidra.app.cmd.module,RenameCmd,getName,3,1,0
cmd,ghidra.app.cmd.module,RenameCmd,setName,22,3,3
cmd,ghidra.app.cmd.module,RenameTreeCmd,RenameTreeCmd,4,1,2
cmd,ghidra.app.cmd.module,RenameTreeCmd,applyTo,12,1,1
cmd,ghidra.app.cmd.module,RenameTreeCmd,getStatusMsg,3,1,0
cmd,ghidra.app.cmd.module,RenameTreeCmd,getName,3,1,0
cmd,ghidra.app.cmd.module,ReorderModuleCmd,ReorderModuleCmd,6,1,4
cmd,ghidra.app.cmd.module,ReorderModuleCmd,applyTo,13,1,1
cmd,ghidra.app.cmd.module,ReorderModuleCmd,getStatusMsg,3,1,0
cmd,ghidra.app.cmd.module,ReorderModuleCmd,getName,3,1,0
cmd,ghidra.app.cmd.module,SubroutineModelCmd,SubroutineModelCmd,7,1,4
cmd,ghidra.app.cmd.module,SubroutineModelCmd,applyTo,23,3,2
cmd,ghidra.app.cmd.module,SubroutineModelCmd,setPluginTool,3,1,1
cmd,ghidra.app.cmd.module,SubroutineModelCmd,changeModel,66,11,3
cmd,ghidra.app.cmd.module,SubroutineModelCmd,createFragment,16,2,2
cmd,ghidra.app.cmd.module,SubroutineModelCmd,createModule,16,2,2
cmd,ghidra.app.cmd.module,SubroutineModelCmd,moveCodeUnits,7,2,3
cmd,ghidra.app.cmd.refs,AddExternalNameCmd,AddExternalNameCmd,7,2,2
cmd,ghidra.app.cmd.refs,AddExternalNameCmd,applyTo,14,1,1
cmd,ghidra.app.cmd.refs,AddExternalNameCmd,getStatusMsg,3,1,0
cmd,ghidra.app.cmd.refs,AddExternalNameCmd,getName,3,1,0
cmd,ghidra.app.cmd.refs,AddMemRefCmd,AddMemRefCmd,3,1,5
cmd,ghidra.app.cmd.refs,AddMemRefCmd,AddMemRefCmd,3,1,5
cmd,ghidra.app.cmd.refs,AddMemRefCmd,AddMemRefCmd,8,1,6
cmd,ghidra.app.cmd.refs,AddMemRefCmd,applyTo,15,4,1
cmd,ghidra.app.cmd.refs,AddMemRefCmd,getStatusMsg,3,1,0
cmd,ghidra.app.cmd.refs,AddMemRefCmd,getName,3,1,0
cmd,ghidra.app.cmd.refs,AddMemRefsCmd,AddMemRefsCmd,8,1,5
cmd,ghidra.app.cmd.refs,AddMemRefsCmd,applyTo,22,4,2
cmd,ghidra.app.cmd.refs,AddMemRefsCmd,getSmallestCodeUnitAt,12,3,2
cmd,ghidra.app.cmd.refs,AddOffsetMemRefCmd,AddOffsetMemRefCmd,9,1,7
cmd,ghidra.app.cmd.refs,AddOffsetMemRefCmd,applyTo,6,1,1
cmd,ghidra.app.cmd.refs,AddOffsetMemRefCmd,getStatusMsg,3,1,0
cmd,ghidra.app.cmd.refs,AddOffsetMemRefCmd,getName,3,1,0
cmd,ghidra.app.cmd.refs,AddRegisterRefCmd,AddRegisterRefCmd,6,1,4
cmd,ghidra.app.cmd.refs,AddRegisterRefCmd,AddRegisterRefCmd,7,1,5
cmd,ghidra.app.cmd.refs,AddRegisterRefCmd,applyTo,42,9,1
cmd,ghidra.app.cmd.refs,AddRegisterRefCmd,getStatusMsg,3,1,0
cmd,ghidra.app.cmd.refs,AddRegisterRefCmd,getName,3,1,0
cmd,ghidra.app.cmd.refs,AddShiftedMemRefCmd,AddShiftedMemRefCmd,8,1,6
cmd,ghidra.app.cmd.refs,AddShiftedMemRefCmd,applyTo,6,1,1
cmd,ghidra.app.cmd.refs,AddShiftedMemRefCmd,getStatusMsg,3,1,0
cmd,ghidra.app.cmd.refs,AddShiftedMemRefCmd,getName,3,1,0
cmd,ghidra.app.cmd.refs,AddStackRefCmd,AddStackRefCmd,6,1,4
cmd,ghidra.app.cmd.refs,AddStackRefCmd,AddStackRefCmd,7,1,5
cmd,ghidra.app.cmd.refs,AddStackRefCmd,applyTo,29,4,1
cmd,ghidra.app.cmd.refs,AddStackRefCmd,getStatusMsg,3,1,0
cmd,ghidra.app.cmd.refs,AddStackRefCmd,getName,3,1,0
cmd,ghidra.app.cmd.refs,AssociateSymbolCmd,AssociateSymbolCmd,5,1,2
cmd,ghidra.app.cmd.refs,AssociateSymbolCmd,AssociateSymbolCmd,5,1,3
cmd,ghidra.app.cmd.refs,AssociateSymbolCmd,AssociateSymbolCmd,3,1,2
cmd,ghidra.app.cmd.refs,AssociateSymbolCmd,applyTo,11,2,1
cmd,ghidra.app.cmd.refs,AssociateSymbolCmd,getStatusMsg,3,1,0
cmd,ghidra.app.cmd.refs,AssociateSymbolCmd,getName,3,1,0
cmd,ghidra.app.cmd.refs,ClearExternalNameCmd,ClearExternalNameCmd,3,1,1
cmd,ghidra.app.cmd.refs,ClearExternalNameCmd,applyTo,10,1,1
cmd,ghidra.app.cmd.refs,ClearExternalNameCmd,getStatusMsg,3,1,0
cmd,ghidra.app.cmd.refs,ClearExternalNameCmd,getName,3,1,0
cmd,ghidra.app.cmd.refs,ClearFallThroughCmd,ClearFallThroughCmd,3,1,1
cmd,ghidra.app.cmd.refs,ClearFallThroughCmd,applyTo,6,1,1
cmd,ghidra.app.cmd.refs,ClearFallThroughCmd,getName,3,1,0
cmd,ghidra.app.cmd.refs,ClearFallThroughCmd,getStatusMsg,3,1,0
cmd,ghidra.app.cmd.refs,EditRefTypeCmd,EditRefTypeCmd,4,1,2
cmd,ghidra.app.cmd.refs,EditRefTypeCmd,applyTo,5,1,1
cmd,ghidra.app.cmd.refs,EditRefTypeCmd,getStatusMsg,3,1,0
cmd,ghidra.app.cmd.refs,EditRefTypeCmd,getName,3,1,0
cmd,ghidra.app.cmd.refs,RemoveAllReferencesCmd,RemoveAllReferencesCmd,4,1,1
cmd,ghidra.app.cmd.refs,RemoveAllReferencesCmd,RemoveAllReferencesCmd,5,1,2
cmd,ghidra.app.cmd.refs,RemoveAllReferencesCmd,applyTo,14,3,1
cmd,ghidra.app.cmd.refs,RemoveAllReferencesCmd,getStatusMsg,3,1,0
cmd,ghidra.app.cmd.refs,RemoveAllReferencesCmd,getName,3,1,0
cmd,ghidra.app.cmd.refs,RemoveExternalNameCmd,RemoveExternalNameCmd,3,1,1
cmd,ghidra.app.cmd.refs,RemoveExternalNameCmd,applyTo,9,2,1
cmd,ghidra.app.cmd.refs,RemoveExternalNameCmd,getStatusMsg,3,1,0
cmd,ghidra.app.cmd.refs,RemoveExternalNameCmd,getName,3,1,0
cmd,ghidra.app.cmd.refs,RemoveExternalRefCmd,RemoveExternalRefCmd,4,1,2
cmd,ghidra.app.cmd.refs,RemoveExternalRefCmd,applyTo,11,3,1
cmd,ghidra.app.cmd.refs,RemoveExternalRefCmd,getStatusMsg,3,1,0
cmd,ghidra.app.cmd.refs,RemoveExternalRefCmd,getName,3,1,0
cmd,ghidra.app.cmd.refs,RemoveReferenceCmd,RemoveReferenceCmd,5,1,1
cmd,ghidra.app.cmd.refs,RemoveReferenceCmd,RemoveReferenceCmd,5,1,3
cmd,ghidra.app.cmd.refs,RemoveReferenceCmd,applyTo,12,2,1
cmd,ghidra.app.cmd.refs,RemoveReferenceCmd,fixupReferencedVariable,9,3,2
cmd,ghidra.app.cmd.refs,RemoveReferenceCmd,getStatusMsg,3,1,0
cmd,ghidra.app.cmd.refs,RemoveReferenceCmd,getName,3,1,0
cmd,ghidra.app.cmd.refs,SetExternalNameCmd,SetExternalNameCmd,4,1,2
cmd,ghidra.app.cmd.refs,SetExternalNameCmd,applyTo,11,1,1
cmd,ghidra.app.cmd.refs,SetExternalNameCmd,getStatusMsg,3,1,0
cmd,ghidra.app.cmd.refs,SetExternalNameCmd,getName,3,1,0
cmd,ghidra.app.cmd.refs,SetExternalRefCmd,SetExternalRefCmd,9,1,7
cmd,ghidra.app.cmd.refs,SetExternalRefCmd,SetExternalRefCmd,3,1,6
cmd,ghidra.app.cmd.refs,SetExternalRefCmd,applyTo,14,1,1
cmd,ghidra.app.cmd.refs,SetExternalRefCmd,getStatusMsg,3,1,0
cmd,ghidra.app.cmd.refs,SetExternalRefCmd,getName,3,1,0
cmd,ghidra.app.cmd.refs,SetFallThroughCmd,SetFallThroughCmd,4,1,2
cmd,ghidra.app.cmd.refs,SetFallThroughCmd,applyTo,6,1,1
cmd,ghidra.app.cmd.refs,SetFallThroughCmd,getName,3,1,0
cmd,ghidra.app.cmd.refs,SetFallThroughCmd,getStatusMsg,3,1,0
cmd,ghidra.app.cmd.refs,SetPrimaryRefCmd,SetPrimaryRefCmd,3,1,2
cmd,ghidra.app.cmd.refs,SetPrimaryRefCmd,SetPrimaryRefCmd,6,1,4
cmd,ghidra.app.cmd.refs,SetPrimaryRefCmd,applyTo,10,2,1
cmd,ghidra.app.cmd.refs,SetPrimaryRefCmd,getStatusMsg,3,1,0
cmd,ghidra.app.cmd.refs,SetPrimaryRefCmd,getName,3,1,0
cmd,ghidra.app.cmd.refs,UpdateExternalNameCmd,UpdateExternalNameCmd,8,2,3
cmd,ghidra.app.cmd.refs,UpdateExternalNameCmd,applyTo,14,1,1
cmd,ghidra.app.cmd.refs,UpdateExternalNameCmd,getStatusMsg,3,1,0
cmd,ghidra.app.cmd.refs,UpdateExternalNameCmd,getName,3,1,0
cmd,ghidra.app.cmd.register,SetRegisterCmd,SetRegisterCmd,9,2,4
cmd,ghidra.app.cmd.register,SetRegisterCmd,applyTo,13,1,1
cmd,ghidra.app.cmd.register,SetRegisterCmd,getStatusMsg,3,1,0
cmd,ghidra.app.cmd.register,SetRegisterCmd,getName,3,1,0
