Project Name,Package Name,Type Name,NOF,NOPF,NOM,NOPM,LOC,WMC,NC,DIT,LCOM,FANIN,FANOUT
priam,com.netflix.priam.aws.auth,EC2RoleAssumptionCredential,5,0,2,2,35,6,0,0,0.0,1,3
priam,com.netflix.priam.aws.auth,IS3Credential,0,0,1,0,3,1,2,0,-1.0,4,0
priam,com.netflix.priam.aws.auth,S3InstanceCredential,1,0,3,3,12,3,0,1,0.0,0,0
priam,com.netflix.priam.aws.auth,S3RoleAssumptionCredential,5,0,4,4,42,8,0,1,0.0,2,2
priam,com.netflix.priam.aws,AWSMembership,5,0,14,9,220,46,0,0,0.0,0,3
priam,com.netflix.priam.aws,DataPart,6,0,8,8,40,8,0,0,0.0,5,1
priam,com.netflix.priam.aws,IAMCredential,1,0,5,5,18,5,0,0,0.0,1,0
priam,com.netflix.priam.aws,RemoteBackupPath,1,0,16,7,136,24,0,0,0.1875,6,4
priam,com.netflix.priam.aws,S3CrossAccountFileSystem,6,0,3,3,33,5,0,0,0.0,2,5
priam,com.netflix.priam.aws,S3EncryptedFileSystem,3,0,3,1,75,8,0,1,0.6666666666666666,1,11
priam,com.netflix.priam.aws,S3FileSystem,3,0,8,2,126,17,0,1,0.25,5,11
priam,com.netflix.priam.aws,S3FileSystemBase,9,0,19,12,152,34,2,0,0.2631578947368421,0,6
priam,com.netflix.priam.aws,PrefixVisitor,1,0,5,5,14,5,0,0,1.0,1,0
priam,com.netflix.priam.aws,S3Iterator,7,0,5,3,51,11,0,0,0.0,0,0
priam,com.netflix.priam.aws,S3PartUploader,7,0,6,5,50,8,0,0,0.0,2,3
priam,com.netflix.priam.aws,SDBInstanceData,14,12,11,7,145,24,0,0,0.0,1,4
priam,com.netflix.priam.aws,Attributes,9,9,0,0,11,0,0,0,-1.0,1,0
priam,com.netflix.priam.aws,SDBInstanceFactory,3,0,7,6,68,9,0,0,0.0,0,3
priam,com.netflix.priam.aws,UpdateCleanupPolicy,2,1,5,5,26,5,0,0,0.4,1,2
priam,com.netflix.priam.aws,TestRemoteBackupPath,3,0,8,7,117,8,0,0,0.0,0,3
priam,com.netflix.priam.backup,AbstractBackup,3,1,7,2,79,20,3,0,0.42857142857142855,9,4
priam,com.netflix.priam.backup,AbstractBackupPath,24,2,44,43,223,51,0,0,0.25,40,4
priam,com.netflix.priam.backup,AbstractFileSystem,9,0,21,16,167,30,2,1,0.0,1,4
priam,com.netflix.priam.backup,BackupDynamicRateLimiter,4,0,2,2,33,6,0,1,0.0,1,4
priam,com.netflix.priam.backup,BackupFileSystemContext,2,0,2,2,15,3,0,1,0.0,0,2
priam,com.netflix.priam.backup,BackupHelper,0,0,3,0,7,3,1,0,-1.0,2,1
priam,com.netflix.priam.backup,BackupHelperImpl,5,0,4,3,62,10,0,1,0.0,3,4
priam,com.netflix.priam.backup,BackupMetadata,10,0,18,18,137,21,0,0,0.2777777777777778,10,3
priam,com.netflix.priam.backup,BackupRestoreException,1,0,2,2,9,2,0,0,1.0,0,0
priam,com.netflix.priam.backup,BackupRestoreUtil,4,0,6,6,72,17,0,0,0.6666666666666666,5,4
priam,com.netflix.priam.backup,BackupService,5,0,4,4,30,5,0,0,0.5,1,9
priam,com.netflix.priam.backup,BackupStatusMgr,4,0,14,11,108,25,1,1,0.0,0,3
priam,com.netflix.priam.backup,BackupVerification,6,0,7,5,85,16,0,0,0.0,1,7
priam,com.netflix.priam.backup,BackupVerificationResult,6,6,1,1,14,1,0,0,0.0,2,1
priam,com.netflix.priam.backup,CommitLogBackup,4,0,3,2,42,8,0,0,0.0,1,3
priam,com.netflix.priam.backup,CommitLogBackupTask,3,1,5,4,27,7,0,1,0.6,1,2
priam,com.netflix.priam.backup,DirectorySize,0,0,1,0,9,1,2,0,-1.0,1,0
priam,com.netflix.priam.backup,DynamicRateLimiter,0,0,1,0,3,1,2,0,-1.0,3,1
priam,com.netflix.priam.backup,FileSnapshotStatusMgr,3,0,4,3,55,7,0,2,0.5,0,3
priam,com.netflix.priam.backup,IBackupFileSystem,0,0,17,0,113,17,1,0,-1.0,20,1
priam,com.netflix.priam.backup,IBackupStatusMgr,0,0,9,0,54,9,1,0,-1.0,4,2
priam,com.netflix.priam.backup,IFileSystemContext,0,0,1,0,3,1,1,0,-1.0,7,1
priam,com.netflix.priam.backup,IncrementalBackup,5,1,7,5,57,12,0,1,0.0,7,8
priam,com.netflix.priam.backup,MetaData,4,0,6,5,50,8,0,0,0.0,6,5
priam,com.netflix.priam.backup,RangeReadInputStream,6,0,4,4,55,9,0,0,0.5,0,0
priam,com.netflix.priam.backup,SnapshotBackup,15,1,10,5,125,20,0,1,0.0,5,17
priam,com.netflix.priam.backup,SnapshotDirectorySize,1,0,6,5,35,7,0,1,0.8333333333333334,0,2
priam,com.netflix.priam.backup,SummingFileVisitor,1,0,5,4,21,6,0,0,0.8,1,1
priam,com.netflix.priam.backup,BRTestModule,0,0,1,0,23,1,0,0,-1.0,0,27
priam,com.netflix.priam.backup,FakeBackupFileSystem,6,2,13,10,98,23,0,2,0.3076923076923077,5,5
priam,com.netflix.priam.backup,FakeCredentials,0,0,1,1,5,1,0,0,-1.0,1,0
priam,com.netflix.priam.backup,FakeDynamicRateLimiter,0,0,1,1,4,1,0,1,-1.0,1,1
priam,com.netflix.priam.backup,FakeNullCredential,0,0,1,1,5,1,0,0,-1.0,1,0
priam,com.netflix.priam.backup,FakePostRestoreHook,0,0,2,2,7,2,0,0,-1.0,1,0
priam,com.netflix.priam.backup,NullBackupFileSystem,0,0,9,6,25,9,2,2,-1.0,3,4
priam,com.netflix.priam.backup,TestAbstractFileSystem,7,0,21,14,180,34,0,0,0.19047619047619047,0,5
priam,com.netflix.priam.backup,FailureFileSystem,0,0,3,1,11,3,0,3,-1.0,0,4
priam,com.netflix.priam.backup,MyFileSystem,1,0,3,1,23,3,0,3,0.6666666666666666,0,4
priam,com.netflix.priam.backup,TestBackup,4,0,13,9,123,28,0,0,0.15384615384615385,2,5
priam,com.netflix.priam.backup,MockNodeProbe,0,0,2,2,19,5,0,0,-1.0,0,1
priam,com.netflix.priam.backup,TestBackupDynamicRateLimiter,7,0,18,12,92,18,0,0,0.1111111111111111,0,4
priam,com.netflix.priam.backup,FakeDirectorySize,1,0,2,1,9,2,0,1,0.0,0,0
priam,com.netflix.priam.backup,TestBackupFile,2,0,5,5,68,8,0,0,0.4,0,3
priam,com.netflix.priam.backup,TestBackupHelperImpl,12,0,13,13,109,19,0,0,0.15384615384615385,0,5
priam,com.netflix.priam.backup,ParameterizedTests,3,0,6,6,48,10,0,0,0.6666666666666666,0,5
priam,com.netflix.priam.backup,ProgrammaticTests,2,0,7,7,52,9,0,0,0.42857142857142855,0,5
priam,com.netflix.priam.backup,TestBackupService,2,0,6,6,93,7,0,0,0.0,0,10
priam,com.netflix.priam.backup,TestBackupStatusMgr,4,0,12,10,141,16,0,0,0.0,0,4
priam,com.netflix.priam.backup,TestBackupVerification,7,0,14,11,135,16,0,0,0.14285714285714285,3,9
priam,com.netflix.priam.backup,MockMetaV1Proxy,0,0,1,1,5,1,0,0,-1.0,0,2
priam,com.netflix.priam.backup,MockMetaV2Proxy,0,0,1,1,5,1,0,0,-1.0,0,2
priam,com.netflix.priam.backup,TestCompression,1,0,5,4,77,10,0,0,0.0,0,2
priam,com.netflix.priam.backup,TestCustomizedTPE,4,0,2,2,36,4,0,0,0.0,0,1
priam,com.netflix.priam.backup,TestFileIterator,8,0,13,10,162,22,0,0,0.23076923076923078,2,5
priam,com.netflix.priam.backup,MockAmazonS3Client,0,0,2,2,14,2,0,0,-1.0,1,0
priam,com.netflix.priam.backup,MockObjectListing,3,0,2,2,23,5,0,0,0.0,1,1
priam,com.netflix.priam.backup,TestS3FileSystem,14,0,25,20,208,37,0,0,0.2,0,11
priam,com.netflix.priam.backup,MockS3PartUploader,5,0,5,4,31,7,0,0,0.0,2,2
priam,com.netflix.priam.backup,MockAmazonS3Client,3,0,8,5,48,13,0,0,0.625,0,0
priam,com.netflix.priam.backupv2,BackupTTLTask,13,1,7,5,117,20,0,0,0.0,3,7
priam,com.netflix.priam.backupv2,MetaFileWalker,0,0,1,1,5,1,0,1,-1.0,0,1
priam,com.netflix.priam.backupv2,BackupV2Service,6,0,4,4,42,6,0,0,0.5,2,10
priam,com.netflix.priam.backupv2,BackupVerificationTask,7,1,4,4,58,7,0,0,0.0,2,8
priam,com.netflix.priam.backupv2,ColumnFamilyResult,5,0,9,9,44,10,0,0,0.6666666666666666,11,2
priam,com.netflix.priam.backupv2,SSTableResult,2,0,4,4,19,4,0,0,0.75,1,1
priam,com.netflix.priam.backupv2,FileUploadResult,8,0,8,8,51,8,0,0,0.375,2,2
priam,com.netflix.priam.backupv2,ForgottenFilesManager,6,0,4,2,87,14,0,0,0.0,2,3
priam,com.netflix.priam.backupv2,IMetaProxy,0,0,8,0,52,8,2,0,-1.0,12,2
priam,com.netflix.priam.backupv2,MetaFileInfo,9,4,13,13,56,13,0,0,0.3076923076923077,7,3
priam,com.netflix.priam.backupv2,MetaFileReader,2,0,4,4,56,10,4,0,0.0,0,4
priam,com.netflix.priam.backupv2,MetaFileWriterBuilder,9,0,18,9,125,20,0,0,0.5,4,11
priam,com.netflix.priam.backupv2,StartStep,0,0,1,0,3,1,1,0,-1.0,0,0
priam,com.netflix.priam.backupv2,DataStep,0,0,2,0,4,2,1,0,-1.0,0,0
priam,com.netflix.priam.backupv2,UploadStep,0,0,3,0,5,3,1,0,-1.0,0,0
priam,com.netflix.priam.backupv2,MetaFileWriter,7,0,10,7,100,12,0,1,0.2,1,10
priam,com.netflix.priam.backupv2,MetaV1Proxy,2,0,9,9,92,18,0,1,0.4444444444444444,2,2
priam,com.netflix.priam.backupv2,MetaV2Proxy,6,0,12,11,132,23,0,1,0.25,4,6
priam,com.netflix.priam.backupv2,MetaFileBackupValidator,1,0,1,1,15,4,0,1,0.0,1,1
priam,com.netflix.priam.backupv2,MetaFileBackupWalker,1,0,1,1,10,3,0,1,0.0,1,1
priam,com.netflix.priam.backupv2,SnapshotMetaTask,21,1,23,8,239,41,0,0,0.21739130434782608,7,11
priam,com.netflix.priam.backupv2,TestBackupTTLTask,7,0,8,6,125,11,0,0,0.0,0,8
priam,com.netflix.priam.backupv2,TestBackupUtils,5,0,3,3,43,4,0,0,0.0,3,3
priam,com.netflix.priam.backupv2,TestBackupV2Service,4,0,6,6,115,7,0,0,0.0,0,12
priam,com.netflix.priam.backupv2,TestBackupVerificationTask,7,0,15,12,124,17,0,0,0.0,1,6
priam,com.netflix.priam.backupv2,MockBackupVerification,3,0,5,5,22,7,0,0,0.0,1,0
priam,com.netflix.priam.backupv2,MockBackupNotificationMgr,0,0,0,0,2,0,0,0,-1.0,0,0
priam,com.netflix.priam.backupv2,TestForgottenFileManager,8,0,9,9,124,11,0,0,0.3333333333333333,0,5
priam,com.netflix.priam.backupv2,ForgottenFilesConfiguration,2,0,3,3,13,3,0,0,0.6666666666666666,1,0
priam,com.netflix.priam.backupv2,TestMetaV2Proxy,5,0,13,10,108,14,0,0,0.15384615384615385,0,8
priam,com.netflix.priam.backupv2,TestSnapshotMetaTask,8,0,9,7,70,9,0,0,0.0,0,11
priam,com.netflix.priam.backupv2,TestMetaFileReader,1,0,2,1,9,2,0,1,0.0,1,1
priam,com.netflix.priam.cli,Application,1,0,3,0,15,4,0,0,0.0,4,3
priam,com.netflix.priam.cli,Backuper,1,0,1,1,18,1,0,0,0.0,0,2
priam,com.netflix.priam.cli,IncrementalBackuper,1,0,1,1,18,1,0,0,0.0,0,2
priam,com.netflix.priam.cli,LightGuiceModule,0,0,1,0,7,1,0,0,-1.0,0,5
priam,com.netflix.priam.cli,Restorer,1,0,2,1,28,3,0,0,0.0,1,4
priam,com.netflix.priam.cli,StaticMembership,7,0,9,9,54,13,0,0,0.6666666666666666,1,0
priam,com.netflix.priam.cluster.management,ClusterManagementService,2,0,4,4,16,4,0,0,0.75,1,4
priam,com.netflix.priam.cluster.management,Compaction,3,0,6,2,61,15,0,1,0.0,2,7
priam,com.netflix.priam.cluster.management,Flush,4,0,4,2,56,10,0,1,0.0,2,6
priam,com.netflix.priam.cluster.management,IClusterManagement,4,0,4,2,44,7,2,0,0.0,0,3
priam,com.netflix.priam.cluster.management,SchemaConstant,7,0,1,1,15,1,0,0,0.0,2,0
priam,com.netflix.priam.compress,ChunkedStream,7,0,7,5,64,12,0,0,0.2857142857142857,0,0
priam,com.netflix.priam.compress,ICompression,0,0,1,0,6,1,1,0,-1.0,8,0
priam,com.netflix.priam.compress,SnappyCompression,1,0,2,1,24,3,0,1,0.0,1,0
priam,com.netflix.priam.config,BackupRestoreConfig,1,0,9,9,34,9,0,1,0.0,1,1
priam,com.netflix.priam.config,IBackupRestoreConfig,0,0,8,0,70,8,2,0,-1.0,19,0
priam,com.netflix.priam.config,IConfiguration,0,0,158,0,914,158,2,0,-1.0,117,0
priam,com.netflix.priam.config,PriamConfiguration,4,1,146,146,471,150,0,1,0.0136986301369863,1,2
priam,com.netflix.priam.config,PriamConfigurationPersister,4,1,5,4,49,8,0,0,0.4,2,2
priam,com.netflix.priam.config,FakeBackupRestoreConfig,0,0,5,5,20,5,0,1,-1.0,2,0
priam,com.netflix.priam.config,FakeConfiguration,14,2,56,56,188,56,0,1,0.625,11,0
priam,com.netflix.priam.config,PriamConfigurationPersisterTest,3,1,4,4,25,5,0,0,0.0,0,3
priam,com.netflix.priam.configSource,AbstractConfigSource,2,0,16,13,121,25,5,1,0.1875,1,0
priam,com.netflix.priam.configSource,CompositeConfigSource,1,0,10,10,53,14,1,2,0.0,0,1
priam,com.netflix.priam.configSource,IConfigSource,0,0,16,0,109,16,1,0,-1.0,4,0
priam,com.netflix.priam.configSource,MemoryConfigSource,1,0,3,3,12,3,0,2,0.0,1,0
priam,com.netflix.priam.configSource,PriamConfigSource,0,0,1,1,8,1,0,3,-1.0,0,3
priam,com.netflix.priam.configSource,PropertiesConfigSource,4,0,9,7,65,13,0,2,0.0,3,1
priam,com.netflix.priam.configSource,SimpleDBConfigSource,8,4,6,5,59,14,0,2,0.0,1,2
priam,com.netflix.priam.configSource,Attributes,4,4,0,0,6,0,0,0,-1.0,1,0
priam,com.netflix.priam.configSource,SystemPropertiesConfigSource,2,0,4,4,28,7,0,2,0.0,2,1
priam,com.netflix.priam.configSource,AbstractConfigSourceTest,1,0,3,3,24,3,0,0,0.0,0,1
priam,com.netflix.priam.configSource,CompositeConfigSourceTest,1,0,2,2,28,2,0,0,1.0,0,2
priam,com.netflix.priam.configSource,PropertiesConfigSourceTest,1,0,2,2,21,2,0,0,1.0,0,1
priam,com.netflix.priam.configSource,SystemPropertiesConfigSourceTest,1,0,1,1,10,1,0,0,0.0,0,1
priam,com.netflix.priam.connection,CassandraOperations,2,0,14,14,137,21,0,1,0.0,6,2
priam,com.netflix.priam.connection,ICassandraOperations,0,0,7,0,27,7,1,0,-1.0,0,0
priam,com.netflix.priam.connection,INodeToolObservable,0,0,2,0,4,2,1,0,-1.0,0,1
priam,com.netflix.priam.connection,INodeToolObserver,0,0,1,0,3,1,0,0,-1.0,2,0
priam,com.netflix.priam.connection,JMXConnectionException,1,0,2,2,9,2,0,0,1.0,0,0
priam,com.netflix.priam.connection,JMXNodeTool,4,0,26,22,294,53,0,1,0.46153846153846156,9,4
priam,com.netflix.priam.connection,TestCassandraOperations,4,0,3,2,42,6,0,0,0.0,0,3
priam,com.netflix.priam.cred,ClearCredential,4,0,4,4,36,4,0,1,0.5,0,0
priam,com.netflix.priam.cred,ICredential,0,0,1,0,9,1,2,0,-1.0,10,0
priam,com.netflix.priam.cred,ICredentialGeneric,0,0,1,0,7,1,0,1,-1.0,6,0
priam,com.netflix.priam.cryptography,IFileCryptography,0,0,2,0,14,2,0,0,-1.0,7,0
priam,com.netflix.priam.cryptography.pgp,PgpCredential,1,0,3,3,23,6,0,0,0.6666666666666666,1,1
priam,com.netflix.priam.cryptography.pgp,PgpCryptography,15,0,17,11,201,29,0,0,0.17647058823529413,3,3
priam,com.netflix.priam.cryptography.pgp,ChunkEncryptorStream,6,0,6,4,46,8,0,0,0.3333333333333333,0,0
priam,com.netflix.priam.cryptography.pgp,EncryptedInputStream,7,0,5,4,65,9,0,0,0.4,0,0
priam,com.netflix.priam.cryptography.pgp,PgpUtil,0,0,3,3,46,7,0,0,-1.0,2,1
priam,com.netflix.priam.defaultimpl,CassandraProcessManager,6,0,7,3,151,20,0,1,0.0,1,4
priam,com.netflix.priam.defaultimpl,ICassandraProcess,0,0,2,0,8,2,2,0,-1.0,11,0
priam,com.netflix.priam.defaultimpl,InjectedWebListener,2,0,3,1,39,4,0,0,0.6666666666666666,0,2
priam,com.netflix.priam.defaultimpl,JaxServletModule,0,0,1,0,9,1,0,0,-1.0,0,0
priam,com.netflix.priam.defaultimpl,IService,0,0,5,0,42,6,0,0,-1.0,3,2
priam,com.netflix.priam.defaultimpl,PriamGuiceModule,0,0,1,0,17,1,0,0,-1.0,0,17
priam,com.netflix.priam.defaultimpl,CassandraProcessManagerTest,1,0,3,3,30,4,0,0,0.0,0,4
priam,com.netflix.priam.defaultimpl,FakeCassandraProcess,0,0,2,2,9,2,0,1,-1.0,1,0
priam,com.netflix.priam.google,GcsCredential,1,0,3,3,23,6,0,0,0.6666666666666666,1,1
priam,com.netflix.priam.google,GoogleEncryptedFileSystem,11,0,13,6,122,18,0,0,0.5384615384615384,2,6
priam,com.netflix.priam.google,GoogleFileIterator,6,0,5,3,53,9,0,0,0.0,0,0
priam,com.netflix.priam.health,CassandraMonitor,7,1,9,5,99,17,0,0,0.3333333333333333,6,6
priam,com.netflix.priam.health,InstanceState,18,0,38,36,147,38,0,0,0.13157894736842105,24,3
priam,com.netflix.priam.health,RestoreStatus,6,0,12,12,45,12,0,0,0.16666666666666666,1,1
priam,com.netflix.priam.health,IThriftChecker,0,0,1,0,3,1,1,0,-1.0,2,0
priam,com.netflix.priam.health,ThriftChecker,2,0,2,2,33,5,0,1,0.0,2,1
priam,com.netflix.priam.health,TestCassandraMonitor,8,0,5,4,107,8,0,0,0.0,0,7
priam,com.netflix.priam.health,TestInstanceStatus,2,0,4,2,45,5,0,0,0.5,0,2
priam,com.netflix.priam.health,TestInstanceState,1,0,2,0,18,3,0,0,0.0,1,1
priam,com.netflix.priam.health,TestThriftChecker,3,0,5,5,59,5,0,0,0.0,0,2
priam,com.netflix.priam.identity.config,AWSInstanceInfo,17,0,15,13,131,37,0,1,0.3333333333333333,1,1
priam,com.netflix.priam.identity.config,InstanceInfo,0,0,11,0,63,11,3,0,-1.0,29,0
priam,com.netflix.priam.identity.config,LocalInstanceInfo,1,0,10,10,36,10,0,1,0.0,0,0
priam,com.netflix.priam.identity.config,FakeInstanceInfo,6,0,14,14,58,14,0,1,0.2857142857142857,0,0
priam,com.netflix.priam.identity.config,TestAWSInstanceInfo,1,0,5,5,56,5,0,0,0.0,0,1
priam,com.netflix.priam.identity,DoubleRing,6,0,5,4,62,10,0,0,0.0,3,5
priam,com.netflix.priam.identity,IMembership,0,0,8,0,48,8,1,0,-1.0,9,0
priam,com.netflix.priam.identity,InstanceIdentity,11,1,12,10,84,21,0,0,0.0,24,7
priam,com.netflix.priam.identity,IPriamInstanceFactory,0,0,5,0,42,5,1,0,-1.0,10,1
priam,com.netflix.priam.identity,PriamInstance,13,0,24,24,89,24,0,0,0.16666666666666666,14,0
priam,com.netflix.priam.identity,FakeMembership,2,0,9,9,31,9,0,1,0.5555555555555556,0,0
priam,com.netflix.priam.identity,FakePriamInstanceFactory,2,0,6,6,32,6,0,1,0.0,2,2
priam,com.netflix.priam.identity.token,ITokenRetriever,0,0,4,0,15,4,1,0,-1.0,4,0
priam,com.netflix.priam.identity.token,TokenRetriever,13,1,20,9,224,43,0,1,0.1,2,8
priam,com.netflix.priam.identity.token,TokenRetrieverUtils,7,0,14,13,125,21,0,0,0.5,5,5
priam,com.netflix.priam.identity.token,TokenInformation,2,0,5,5,23,7,0,0,0.4,3,2
priam,com.netflix.priam.identity.token,InferredTokenOwnership,2,0,4,4,17,4,0,0,0.5,1,1
priam,com.netflix.priam.identity.token,GossipParseException,1,0,3,3,15,3,0,0,1.0,0,0
priam,com.netflix.priam.identity.token,AssignedTokenRetrieverTest,2,2,8,5,167,8,0,0,0.0,0,10
priam,com.netflix.priam.identity.token,TokenRetrieverTest,6,0,30,23,365,31,0,0,0.0,0,8
priam,com.netflix.priam.identity.token,TokenRetrieverUtilsTest,5,0,8,5,112,8,0,0,0.375,0,3
priam,com.netflix.priam.merics,BackupMetrics,13,2,20,20,83,20,0,0,0.0,15,1
priam,com.netflix.priam.merics,CassMonitorMetrics,7,0,8,8,37,8,0,0,0.0,7,1
priam,com.netflix.priam.merics,CompactionMeasurement,2,0,3,3,16,3,0,1,0.0,1,1
priam,com.netflix.priam.merics,IMeasurement,0,0,2,0,7,2,2,0,-1.0,1,0
priam,com.netflix.priam.merics,Metrics,1,0,0,0,6,0,0,0,-1.0,5,0
priam,com.netflix.priam.merics,NodeToolFlushMeasurement,2,0,3,3,16,3,0,1,0.0,1,1
priam,com.netflix.priam.notification,AWSSnsNotificationService,4,0,3,3,42,6,0,1,0.0,0,4
priam,com.netflix.priam.notification,BackupNotificationMgr,8,0,6,3,105,12,0,0,0.0,13,6
priam,com.netflix.priam.notification,INotificationService,0,0,1,0,10,1,1,0,-1.0,2,0
priam,com.netflix.priam.notification,TestBackupNotificationMgr,4,0,8,8,226,11,0,0,0.0,0,5
priam,com.netflix.priam,PriamServer,12,0,8,7,68,11,0,0,0.375,5,14
priam,com.netflix.priam,TestModule,0,0,1,0,14,1,0,0,-1.0,0,13
priam,com.netflix.priam.resources,BackupServlet,13,0,10,9,116,17,0,0,0.0,1,4
priam,com.netflix.priam.resources,BackupServletV2,10,0,8,8,64,10,0,0,0.0,1,7
priam,com.netflix.priam.resources,CassandraAdmin,10,0,25,25,344,31,0,0,0.08,0,7
priam,com.netflix.priam.resources,CassandraConfig,4,0,8,8,103,12,0,0,0.0,1,3
priam,com.netflix.priam.resources,PriamConfig,2,0,5,4,58,8,0,0,0.0,1,2
priam,com.netflix.priam.resources,PriamInstanceResource,4,0,7,5,66,8,0,0,0.0,2,5
priam,com.netflix.priam.resources,RestoreServlet,3,0,3,3,18,3,0,0,0.0,2,3
priam,com.netflix.priam.resources,SecurityGroupAdmin,3,0,3,3,33,5,0,0,0.0,0,1
priam,com.netflix.priam.resources,BackupServletTest,6,0,5,4,90,5,0,0,0.0,0,7
priam,com.netflix.priam.resources,BackupServletV2Test,14,0,15,10,208,15,0,0,0.0,1,10
priam,com.netflix.priam.resources,CassandraConfigTest,4,0,15,15,218,15,0,0,0.0,0,6
priam,com.netflix.priam.resources,PriamConfigTest,3,0,3,3,64,3,0,0,0.0,0,4
priam,com.netflix.priam.resources,PriamInstanceResourceTest,7,0,7,7,118,7,0,0,0.0,0,5
priam,com.netflix.priam.restore,AbstractRestore,18,0,13,7,174,31,2,1,0.15384615384615385,1,14
priam,com.netflix.priam.restore,BoundedList,1,0,2,1,13,3,0,0,0.0,1,0
priam,com.netflix.priam.restore,AwsCrossAccountCryptographyRestoreStrategy,2,1,2,2,13,2,0,3,0.0,1,12
priam,com.netflix.priam.restore,EncryptedRestoreBase,7,0,4,2,77,16,3,2,0.0,0,13
priam,com.netflix.priam.restore,EncryptedRestoreStrategy,2,1,2,2,10,2,0,3,0.0,1,12
priam,com.netflix.priam.restore,GoogleCryptographyRestoreStrategy,2,1,2,2,13,2,0,3,0.0,1,12
priam,com.netflix.priam.restore,IPostRestoreHook,0,0,2,0,7,2,1,0,-1.0,8,0
priam,com.netflix.priam.restore,IRestoreStrategy,0,0,0,0,2,0,1,0,-1.0,0,0
priam,com.netflix.priam.restore,PostRestoreHook,7,0,6,4,111,19,0,1,0.0,0,2
priam,com.netflix.priam.restore,PostRestoreHookException,0,0,2,2,11,2,0,0,-1.0,0,0
priam,com.netflix.priam.restore,Restore,2,1,4,3,19,4,0,2,0.5,7,10
priam,com.netflix.priam.restore,RestoreContext,5,0,8,6,80,19,0,0,0.25,1,6
priam,com.netflix.priam.restore,RestoreTokenSelector,2,0,2,2,23,3,0,0,0.0,6,2
priam,com.netflix.priam.restore,TestPostRestoreHook,0,0,5,4,61,9,0,0,-1.0,0,2
priam,com.netflix.priam.restore,TestRestore,6,0,8,7,106,12,0,0,0.0,1,7
priam,com.netflix.priam.scheduler,BlockingSubmitThreadPoolExecutor,6,0,4,3,66,8,0,0,0.0,2,0
priam,com.netflix.priam.scheduler,CronTimer,3,0,9,9,62,11,0,1,0.0,7,1
priam,com.netflix.priam.scheduler,ExecutionException,1,0,4,4,15,4,0,0,1.0,0,0
priam,com.netflix.priam.scheduler,GuiceJobFactory,1,1,2,2,13,2,0,0,0.0,1,0
priam,com.netflix.priam.scheduler,NamedThreadPoolExecutor,1,0,4,3,24,7,0,0,0.5,0,0
priam,com.netflix.priam.scheduler,LocalRejectedExecutionHandler,1,0,2,1,16,5,0,0,0.0,0,0
priam,com.netflix.priam.scheduler,PriamScheduler,4,0,8,8,89,11,0,0,0.0,11,3
priam,com.netflix.priam.scheduler,SimpleTimer,2,0,7,7,47,8,0,1,0.42857142857142855,1,1
priam,com.netflix.priam.scheduler,Task,5,1,8,7,48,10,2,0,0.375,2,1
priam,com.netflix.priam.scheduler,TaskTimer,0,0,2,0,7,2,2,0,-1.0,6,0
priam,com.netflix.priam.scheduler,UnsupportedTypeException,0,0,4,4,17,4,0,0,-1.0,0,0
priam,com.netflix.priam.scheduler,TestGuiceSingleton,0,0,5,2,30,5,0,0,-1.0,0,2
priam,com.netflix.priam.scheduler,EmptryInterface,0,0,1,0,3,1,1,0,-1.0,2,0
priam,com.netflix.priam.scheduler,GuiceSingleton,0,0,1,1,6,1,0,1,-1.0,2,0
priam,com.netflix.priam.scheduler,GModules,0,0,1,0,5,1,0,0,-1.0,0,2
priam,com.netflix.priam.scheduler,TestScheduler,2,0,9,8,55,9,0,0,0.6666666666666666,0,4
priam,com.netflix.priam.scheduler,TestTask,0,0,3,3,11,3,0,1,-1.0,1,1
priam,com.netflix.priam.scheduler,SingleTestTask,1,0,4,3,22,4,0,1,1.0,1,1
priam,com.netflix.priam.scheduler,TestSimpleTimer,2,0,7,6,31,7,0,0,0.0,0,0
priam,com.netflix.priam.tuner,CassandraTunerService,3,0,5,5,26,5,0,0,0.4,5,6
priam,com.netflix.priam.tuner,GCTuner,2,0,2,0,15,4,0,0,0.0,3,2
priam,com.netflix.priam.tuner,ICassandraTuner,0,0,3,0,6,3,1,0,-1.0,1,0
priam,com.netflix.priam.tuner,JVMOption,6,0,14,14,81,22,0,0,0.0,4,1
priam,com.netflix.priam.tuner,JVMOptionsTuner,2,0,7,3,105,23,0,0,0.0,3,4
priam,com.netflix.priam.tuner,PropertiesFileTuner,2,0,2,2,27,3,0,0,0.0,1,1
priam,com.netflix.priam.tuner,StandardTuner,4,0,11,5,192,29,0,1,0.0,1,7
priam,com.netflix.priam.tuner,TuneCassandra,4,0,4,4,31,5,0,0,0.5,3,3
priam,com.netflix.priam.tuner,JVMOptionTunerTest,7,0,13,10,129,18,0,0,0.15384615384615385,0,4
priam,com.netflix.priam.tuner,GCConfiguration,5,0,6,5,29,6,0,0,0.0,0,0
priam,com.netflix.priam.tuner,StandardTunerTest,11,0,14,13,124,16,0,0,0.14285714285714285,0,6
priam,com.netflix.priam.tuner,TunerConfiguration,2,0,3,2,14,3,0,0,0.0,0,0
priam,com.netflix.priam.tuner.dse,AuditLogTunerLog4J,6,0,3,2,78,13,0,1,0.0,1,2
priam,com.netflix.priam.tuner.dse,AuditLogTunerYaml,3,0,2,2,41,7,0,1,0.0,1,1
priam,com.netflix.priam.tuner.dse,DseProcessManager,2,0,2,1,16,6,0,0,0.0,0,4
priam,com.netflix.priam.tuner.dse,DseTuner,3,0,4,2,47,9,0,0,0.0,0,5
priam,com.netflix.priam.tuner.dse,IAuditLogTuner,0,0,1,0,6,1,2,0,-1.0,1,0
priam,com.netflix.priam.tuner.dse,IDseConfiguration,1,0,8,1,48,10,0,0,-1.0,4,0
priam,com.netflix.priam.tuner.dse,DseTunerTest,6,0,6,6,80,9,0,0,0.0,0,4
priam,com.netflix.priam.utils,BoundedExponentialRetryCallable,8,0,3,3,54,8,0,1,0.0,1,1
priam,com.netflix.priam.utils,DateUtil,7,2,18,18,162,31,0,0,0.2777777777777778,43,2
priam,com.netflix.priam.utils,DateRange,2,0,7,7,39,10,0,0,0.2857142857142857,2,2
priam,com.netflix.priam.utils,ExponentialRetryCallable,5,2,3,3,37,5,0,1,0.0,0,0
priam,com.netflix.priam.utils,FifoQueue,2,0,3,3,16,4,0,0,0.0,1,0
priam,com.netflix.priam.utils,GsonJsonSerializer,1,0,12,11,88,20,0,0,1.0,18,2
priam,com.netflix.priam.utils,PriamAnnotationExclusionStrategy,0,0,2,2,8,2,0,0,-1.0,0,1
priam,com.netflix.priam.utils,PriamAnnotation,0,0,0,0,3,0,0,0,-1.0,2,0
priam,com.netflix.priam.utils,DateTypeAdapter,0,0,2,2,16,4,0,0,-1.0,0,1
priam,com.netflix.priam.utils,LocalDateTimeTypeAdapter,0,0,2,2,16,4,0,0,-1.0,0,1
priam,com.netflix.priam.utils,InstantTypeAdapter,0,0,3,2,19,5,0,0,-1.0,0,0
priam,com.netflix.priam.utils,PathTypeAdapter,0,0,2,2,17,4,0,0,-1.0,0,0
priam,com.netflix.priam.utils,ITokenManager,0,0,3,0,5,3,1,0,-1.0,5,0
priam,com.netflix.priam.utils,MaxSizeHashMap,1,0,2,1,12,2,0,0,0.0,0,0
priam,com.netflix.priam.utils,RetryableCallable,5,0,6,4,44,9,2,0,0.3333333333333333,0,0
priam,com.netflix.priam.utils,Sleeper,0,0,2,0,7,2,2,0,-1.0,14,0
priam,com.netflix.priam.utils,SystemUtils,1,0,7,7,83,14,0,0,0.8571428571428571,12,1
priam,com.netflix.priam.utils,ThreadSleeper,0,0,2,2,15,2,0,1,-1.0,2,0
priam,com.netflix.priam.utils,TokenManager,8,4,5,4,55,8,0,1,0.4,2,1
priam,com.netflix.priam.utils,BackupFileUtils,0,0,2,2,36,8,0,0,-1.0,6,1
priam,com.netflix.priam.utils,FakeSleeper,0,0,2,2,9,2,0,1,-1.0,2,0
priam,com.netflix.priam.utils,Murmur3TokenManagerTest,2,0,17,17,93,22,0,0,0.11764705882352941,0,2
priam,com.netflix.priam.utils,Murmur3Configuration,1,0,1,1,6,1,0,0,0.0,0,0
priam,com.netflix.priam.utils,RandomTokenManagerTest,1,0,16,16,87,21,0,0,0.0,0,2
priam,com.netflix.priam.utils,TestDateUtils,0,0,6,6,51,8,0,0,-1.0,0,1
priam,com.netflix.priam.utils,TestGsonJsonSerializer,1,0,2,2,27,2,0,0,0.0,0,3
priam,com.netflix.priam.utils,TestSystemUtils,0,0,1,1,10,1,0,0,-1.0,0,1
priam,com.netflix.priam.backup.identity,DoubleRingTest,0,0,3,2,33,6,0,1,-1.0,0,3
priam,com.netflix.priam.backup.identity,InstanceIdentityTest,0,0,5,5,51,7,0,1,-1.0,0,2
priam,com.netflix.priam.backup.identity,InstanceTestUtils,9,0,3,1,45,3,2,0,0.0,0,7
priam,com.netflix.priam.cassandra.token,TestDoublingLogic,2,0,4,2,59,18,0,0,0.5,0,0
priam,com.netflix.priam.dse,DseConfigStub,1,0,7,7,29,7,0,0,0.8571428571428571,1,0
priam,com.netflix.priam.stream,StreamingTest,0,0,3,3,42,7,0,0,-1.0,0,4
